Record Type,Record Name,Record Topic,Record SubTopic,Date,Start Time,TTime,CTime,End Time,ETime,Total Time,Restart-1,R1-Start Time,R1-CTime,R1-End Time,R1-ETime
Activity,Timer,Testing ,Total time,02-Jun-21,5:54:51 PM,00:01:00,00:01:00,5:56:06 PM,00:00:14,75,,,,,
Activity,Timer ,Save countdown time,testing,02-Jun-21,6:59:08 PM,00:01:00,00:01:00,7:00:30 PM,00:00:20,153,00:01:00,7:00:30 PM,00:01:00,7:01:44 PM,00:00:11
Activity,Timer,Countdown,Test Saving timer,02-Jun-21,7:03:19 PM,00:01:00,00:01:00,7:04:25 PM,00:00:04,65,,,,,
Activity,Testing,testing time,Saving time,03-Jun-2021,11:34:42 AM,00:01:00,00:01:00,11:36:26 AM,00:00:43,103,,,,,
Activity,Recording ACtivity,Fresh,Test Saving Time,03-Jun-2021,11:42:26 AM,00:5:00,00:05:00,11:54:52 AM,,746,,,,,
Activity,Food,Take breakfast,Breakfast,03-Jun-2021,12:01:34 PM,00:15:00,,,,233,,,,,
Activity,Food Retry 1,Get BreakFast,BreakFast,03-Jun-2021,12:13:39 PM,00:15:00,00:15:00,12:43:04 PM,00:14:24,1764,,,,,
Subject,Root,TM-TYT,,04-Jun-2021,04:19:42 PM,00:01:00,00:00:30,04:20:13 PM,,31,,,,,
Activity,Testing ,Watch List,Timer,04-Jun-2021,04:20:54 PM,00:01:00,00:01:00,04:22:03 PM,00:00:07,68,,,,,
Subject,Root,TM-TYT,,04-Jun-2021,05:20:51 PM,00:01:00,00:01:00,05:22:05 PM,00:00:12,73,,,,,
Subject,Root,TM-TYT,,05-Jun-2021,04:26:35 AM,00:02:00,00:02:00,04:30:19 AM,00:01:42,223,,,,,
Subject,Root,TM-TYT,,05-Jun-2021,04:40:01 AM,00:01:00,00:00:33,04:40:34 AM,,34,,,,,
Subject,Root,TM-TYT,,05-Jun-2021,04:43:11 AM,00:01:00,00:00:11,04:43:22 AM,,12,,,,,
Subject,Root,TM-TYT,,05-Jun-2021,04:43:37 AM,00:02:00,00:00:10,04:43:48 AM,,11,,,,,
Subject,Root,TM-TYT,,05-Jun-2021,04:48:24 AM,00:02:00,00:00:36,04:50:34 AM,,37,,,,,
Subject,Root,TM-TYT,,05-Jun-2021,06:45:04 AM,00:02:00,00:00:18,06:45:22 AM,,19,,,,,
Subject,Root.TM-TYT,Card1,,06-Jun-2021,02:36:45 PM,00:05:00,00:05:00,02:54:31 PM,00:12:45,1065,,,,,
Activity,Daily Activity,Coocking Rice,None,06-Jun-2021,03:01:05 PM,00:30:00,00:30:00,04:04:51 PM,00:33:43,3823,,,,,
Activity,Entertainment,Movie,Ben 10,06-Jun-2021,04:05:36 PM,00:30:00,00:24:24,04:30:01 PM,,1465,,,,,
Subject,Root.TM-TYT,Card1,,06-Jun-2021,06:13:50 PM,00:02:00,00:02:00,06:31:37 PM,00:15:45,1065,,,,,
Subject,Root.TM-TYT,Card1,,06-Jun-2021,07:06:52 PM,00:01:00,00:01:00,07:12:46 PM,00:04:52,352,,,,,
Subject,Root.TM-TYT,Card1,,06-Jun-2021,07:14:23 PM,00:05:00,00:00:34,07:14:57 PM,,35,,,,,
Subject,Root.TM-TYT,Card1,,06-Jun-2021,07:15:22 PM,00:05:00,00:01:00,07:16:22 PM,,61,,,,,
Project,Root.TM-TYT2,Card 1,,06-Jun-2021,07:19:34 PM,00:15:00,00:15:00,07:43:02 PM,00:08:26,1407,,,,,
Activity,Root,Daily Actvity,,06-Jun-2021,08:26:34 PM,00:01:00,00:01:00,08:27:52 PM,00:00:16,77,,,,,
Subject,Root,TM-TYT,,06-Jun-2021,08:38:02 PM,00:05:00,00:00:58,08:39:01 PM,,59,,,,,
Subject,Root,TM-TYT,,06-Jun-2021,08:39:16 PM,00:02:00,00:00:52,08:40:09 PM,,53,,,,,
Project,Root,TM-TYT2,,06-Jun-2021,08:53:49 PM,00:05:00,00:00:57,08:54:47 PM,,58,,,,,
Project,Root,TM-TYT2,,06-Jun-2021,09:06:58 PM,00:02:00,00:02:00,09:09:16 PM,00:00:16,137,,,,,
Project,TM-TYT,Activity Bar,Activity Options,06-Jun-2021,10:38:40 PM,00:2:00,00:00:30,10:39:10 PM,,31,,,,,
Project,TM-TYT,Activity Bar,Actvity Options,06-Jun-2021,10:39:48 PM,02:00:00,02:00:00,01:54:34 AM,01:04:03,11026,,,,,
Project,Root.TM-TYT.Activities,Activity bar,,07-Jun-2021,11:20:54 AM,1:00:00,00:51:59,12:13:13 PM,,3120,,,,,
Activity,Daily Activity,Bathing,,07-Jun-2021,12:24:26 PM,00:20:00,00:20:00,12:55:58 PM,00:11:30,1891,,,,,
Activity,Daily Activity,Coocking,Maggi,07-Jun-2021,01:08:15 PM,00:20:00,00:20:00,02:07:45 PM,00:39:27,3567,,,,,
Activity,Daily Actvity,Lunch,Ent + Maggi,07-Jun-2021,02:08:19 PM,00:30:00,00:24:28,02:32:48 PM,,1469,,,,,
Project,Root.TM-TYT,Activities,,07-Jun-2021,02:37:44 PM,01:00:00,01:00:00,05:07:29 PM,01:29:26,8948,,,,,
Activity,Daily Activity,Tea Time,Tea,07-Jun-2021,05:08:12 PM,00:15:00,00:15:00,05:51:18 PM,00:28:03,2584,,,,,
Activity,HardWare,Scooty,Repair,07-Jun-2021,06:00:51 PM,01:00:00,00:13:57,06:14:48 PM,,838,,,,,
Project,Root.TM-TYT,Activities,,07-Jun-2021,06:20:11 PM,00:40:00,00:36:53,06:57:20 PM,,2214,,,,,
Activity,Daily Activity,Dinner,,07-Jun-2021,07:10:56 PM,1:00:00,01:00:00,09:01:12 PM,,6611,,,,,
Project,Root.TM-TYT,Activities,,07-Jun-2021,09:02:09 PM,01:00:00,01:00:00,10:03:54 PM,00:01:28,3689,,,,,
Activity,Family Work,Pick Krishna,From Train,07-Jun-2021,10:04:51 PM,00:20:00,00:20:00,10:51:19 PM,00:26:25,2785,,,,,
Project,Root.TM-TYT,Activities,,07-Jun-2021,11:40:15 PM,01:00:00,01:00:00,12:44:34 AM,00:03:58,3838,,,,,
Project,Root.TM-TYT,Activities,,08-Jun-2021,12:46:10 AM,01:00:00,01:00:00,01:59:59 AM,00:13:21,4397,,,,,
Activity,Refresh Mind,Relax,Ent,08-Jun-2021,08:58:51 AM,01:00:00,01:00:00,12:27:47 PM,02:28:53,12528,,,,,
Project,Root,TM-TYT,,08-Jun-2021,05:32:57 PM,01:30:00,01:15:09,06:48:57 PM,,4510,,,,,
Activity,Daily Activity,Dinner,Pick Dinner,08-Jun-2021,07:20:40 PM,00:30:00,00:30:00,08:04:31 PM,00:13:50,2630,,,,,
Project,Root.TM-TYT,Activities,,08-Jun-2021,08:41:30 PM,00:30:00,00:30:00,09:12:40 PM,00:00:51,1851,,,,,
Activity,Daily Activity,Dinner,,08-Jun-2021,09:24:20 PM,00:30:00,00:30:00,10:14:31 PM,00:20:08,3009,,,,,
Project,Root,TM-TYT,,08-Jun-2021,10:19:58 PM,02:00:00,02:00:00,12:31:23 AM,00:11:00,7857,,,,,
Project,Root.TM-TYT,Activities,,09-Jun-2021,11:22:00 AM,01:00:00,00:49:47,12:11:53 PM,,2988,,,,,
Activity,Daily Activity,Work out + Lunch,,09-Jun-2021,12:50:40 PM,01:30:00,01:30:00,02:55:28 PM,00:34:44,7484,,,,,
Activity,Market,Shoping,,09-Jun-2021,03:05:04 PM,00:30:00,00:30:00,03:42:33 PM,00:07:28,2248,,,,,
Project,Root,TM-TYT,,09-Jun-2021,03:42:59 PM,01:30:00,01:30:00,05:19:35 PM,00:06:16,5777,,,,,
Activity,Dinner,Ent + ben 10,,09-Jun-2021,08:27:17 PM,00:40:00,00:40:00,09:15:11 PM,00:07:52,2873,,,,,
Project,Root,TM-TYT,,09-Jun-2021,09:15:45 PM,02:00:00,02:00:00,12:18:12 AM,01:02:03,10909,,,,,
Project,Root,TM-TYT,,10-Jun-2021,10:41:06 AM,02:00:00,01:44:49,12:45:12 PM,,6290,,,,,
Activity,Daily Activity,Bathing ,Lunch + Relax,10-Jun-2021,12:52:10 PM,01:00:00,01:00:00,03:50:39 PM,01:58:26,10704,,,,,
Project,Root,TM-TYT,,10-Jun-2021,04:02:56 PM,1:30:00,01:13:16,05:16:27 PM,,4397,,,,,
Project,Root,TM-TYT,,10-Jun-2021,07:25:38 PM,00:30:00,00:30:00,08:01:17 PM,00:05:31,2132,,,,,
Subject,Root.Matplotlib,Figure,,10-Jun-2021,08:58:07 PM,01:00:00,00:40:36,09:38:44 PM,,2437,,,,,
Subject,Root,Matplotlib,,10-Jun-2021,10:16:58 PM,01:00:00,00:53:22,11:10:22 PM,,3203,,,,,
Activity,Dinner,Ent,,10-Jun-2021,11:20:32 PM,01:00:00,01:00:00,02:28:39 AM,02:08:04,11282,,,,,
Activity,Misc Activity,Market,Shopping Banana,11-Jun-2021,12:01:52 PM,00:10:00,00:10:00,12:12:25 PM,00:00:31,632,,,,,
Activity,Daily Activity,Workout,,11-Jun-2021,12:14:39 PM,00:30:00,00:24:49,12:39:30 PM,,1490,,,,,
Project,Root,Daily Routine,,11-Jun-2021,06:43:27 PM,00:30:00,00:30:00,07:40:33 PM,00:27:04,3424,,,,,
Project,Root.Daily Routine,Checkbutton,,11-Jun-2021,10:21:55 PM,01:30:00,01:30:00,12:47:25 AM,00:55:23,8722,,,,,
Project,Root.Daily Routine,TaskList,,12-Jun-2021,10:20:53 AM,01:00:00,01:00:00,11:24:32 AM,00:03:32,3813,,,,,
Tracks,Root.Daily Routine,Root.Daily Routine.TaskList,,12-Jun-2021,11:27:32 AM,00:30:00,00:02:23,11:29:56 AM,,144,,,,,
Tracks,Root.Daily Routine,Root.Daily Routine.TaskList,,12-Jun-2021,11:30:17 AM,00:30:00,00:00:29,11:30:46 AM,,30,,,,,
Project,Root.Daily Routine,TaskList,,12-Jun-2021,11:31:06 AM,00:30:00,00:30:00,12:20:11 PM,00:19:01,2941,,,,,
ActivityClasses,ActivityClasses.Daily Activity,Fresh,,12-Jun-2021,12:23:05 PM,00:15:00,00:09:42,12:32:49 PM,,583,,,,,
Project,Root.Daily Routine,TaskList,,12-Jun-2021,12:36:52 PM,01:00:00,01:00:00,01:47:43 PM,00:10:45,4246,,,,,
ActivityClasses,ActivityClasses.Daily Activity,Bathing,,12-Jun-2021,01:47:55 PM,00:20:00,00:18:37,02:06:33 PM,,1118,,,,,
Project,Root.Daily Routine,TaskList,,12-Jun-2021,02:07:02 PM,01:00:00,00:41:14,02:48:18 PM,,2475,,,,,
ActivityClasses,ActivityClasses.Entertainment2,Series,,12-Jun-2021,02:50:19 PM,01:00:00,01:00:00,04:14:04 PM,00:23:42,5022,,,,,
Project,Root.Daily Routine,TaskList,,12-Jun-2021,04:15:29 PM,01:30:00,00:24:09,04:39:39 PM,,1450,,,,,
Project,Root.Daily Routine,TaskList,,12-Jun-2021,08:37:13 PM,00:30:00,00:30:00,09:39:07 PM,00:31:51,3708,,,,,
ActivityClasses,ActivityClasses.Daily Activity,Dinner,,12-Jun-2021,09:39:26 PM,01:00:00,01:00:00,11:25:45 PM,00:46:15,6375,,,,,
ActivityClasses,ActivityClasses.Entertainment2,Series,,12-Jun-2021,11:26:25 PM,02:00:00,02:00:00,01:51:52 AM,00:25:22,8722,,,,,
Subject,Root.Math 10,Polynomial,,13-Jun-2021,02:10:33 PM,01:00:00,00:28:54,02:39:28 PM,,1735,,,,,
ActivityClasses,ActivityClasses.Entertainment2,Series,,13-Jun-2021,02:48:30 PM,00:30:00,00:30:00,03:36:53 PM,00:18:20,2898,,,,,
Subject,Root.Science 10,Chemical Reactions  and Equations,,13-Jun-2021,03:37:04 PM,00:30:00,00:30:00,04:33:08 PM,00:26:01,3362,,,,,
Project,Root.Daily Routine,TaskList,,13-Jun-2021,08:43:41 PM,01:00:00,01:00:00,09:46:16 PM,00:02:30,3751,,,,,
ActivityClasses,ActivityClasses.Daily Activity,Dinner + Ent,,13-Jun-2021,10:28:43 PM,02:00:00,01:47:21,12:16:07 AM,,6442,,,,,
Project,Root.Daily Routine,TaskList,,14-Jun-2021,12:16:21 AM,00:30:00,00:30:00,02:38:31 AM,01:52:08,8526,,,,,
ActivityClasses,ActivityClasses.Daily Activity,Refresh mind,,14-Jun-2021,10:13:41 AM,00:20:00,00:20:00,10:53:12 AM,00:19:30,2370,,,,,
Project,Root.Daily Routine,TaskList,,14-Jun-2021,10:54:29 AM,01:00:00,00:47:18,11:41:51 AM,,2839,,,,,
Project,Root.Daily Routine,TaskList,,14-Jun-2021,11:54:44 AM,00:30:00,00:18:45,12:13:31 PM,,1126,,,,,
ActivityClasses,ActivityClasses.Daily Activity,Workout,,14-Jun-2021,12:14:27 PM,00:30:00,00:28:21,12:42:49 PM,,1702,,,,,
Project,Root.Daily Routine,TaskList,,14-Jun-2021,12:43:07 PM,00:30:00,00:30:00,01:46:39 PM,00:33:26,3802,,,,,
ActivityClasses,ActivityClasses.Daily Activity,Bathing,,14-Jun-2021,01:46:54 PM,00:20:00,00:20:00,02:41:41 PM,00:34:45,3284,,,,,
ActivityClasses,ActivityClasses.Daily Activity,Lunch,,14-Jun-2021,02:42:10 PM,00:30:00,00:30:00,03:39:00 PM,00:26:48,3408,,,,,
ActivityClasses,ActivityClasses.Daily Activity,Sleep Nap,,14-Jun-2021,03:39:31 PM,01:00:00,01:00:00,05:00:46 PM,00:21:12,4872,,,,,
Subject,Root.Math 10,Polynomial,,14-Jun-2021,05:17:43 PM,00:30:00,00:30:00,06:38:32 PM,00:50:45,4844,,,,,
Project,Root.Daily Routine,TaskList,,14-Jun-2021,07:22:36 PM,00:30:00,00:30:00,08:16:02 PM,00:23:22,3196,,,,,
ActivityClasses,ActivityClasses.Daily Activity.Lunch,Take Lunch,,14-Jun-2021,08:17:37 PM,00:20:00,00:20:00,08:46:08 PM,00:08:30,1710,,,,,
Project,Root.Daily Routine,TaskList,,14-Jun-2021,08:47:44 PM,01:00:00,00:55:11,09:43:07 PM,,3312,,,,,
ActivityClasses,ActivityClasses.Daily Activity,Fresh,,14-Jun-2021,09:43:19 PM,00:15:00,00:15:00,10:00:30 PM,00:02:09,1030,,,,,
Project,Root.Daily Routine,TaskList,,14-Jun-2021,10:02:45 PM,00:30:00,00:28:28,10:31:20 PM,,1709,,,,,
ActivityClasses,ActivityClasses.Daily Activity,Dinner + Ent,,14-Jun-2021,10:37:44 PM,02:00:00,02:00:00,01:53:21 AM,01:15:31,11730,,,,,
Project,Root.Daily Routine,TaskList,,15-Jun-2021,10:42:27 AM,01:00:00,01:00:00,12:17:05 PM,00:34:25,5660,,,,,
ActivityClasses,ActivityClasses.Daily Activity,Fresh,,15-Jun-2021,12:18:13 PM,00:20:00,00:20:00,12:41:15 PM,00:03:00,1381,,,,,
Project,Root.Daily Routine,TaskList,,15-Jun-2021,12:42:10 PM,00:30:00,00:30:00,01:45:16 PM,00:33:02,3779,,,,,
ActivityClasses,ActivityClasses.Daily Activity,Workout,,15-Jun-2021,01:52:58 PM,00:30:00,00:30:00,03:21:55 PM,00:58:54,5332,,,,,
ActivityClasses,ActivityClasses.Daily Activity,Bathing,,15-Jun-2021,03:22:09 PM,00:20:00,00:18:59,03:41:09 PM,,1140,,,,,
ActivityClasses,ActivityClasses.Daily Activity,Lunch,,15-Jun-2021,03:41:24 PM,00:20:00,00:20:00,04:02:04 PM,00:00:38,1239,,,,,
Project,Root.Daily Routine,TaskList,,15-Jun-2021,04:08:03 PM,00:30:00,00:30:00,04:50:49 PM,00:12:36,2555,,,,,
Subject,Root.Math 10,Polynomial,,15-Jun-2021,05:04:48 PM,00:30:00,00:30:00,05:45:17 PM,00:10:26,2426,,,,,
Subject,Root.Science 10,LIght and Reflection,,15-Jun-2021,05:45:29 PM,00:30:00,00:30:00,06:26:25 PM,00:02:534,1965,,,,,
Project,Root.Daily Routine,TaskList,,15-Jun-2021,07:09:45 PM,00:30:00,00:30:00,08:04:09 PM,00:24:13,3250,,,,,
ActivityClasses,ActivityClasses.Daily Activity.Dinner,Eat Dinner,,15-Jun-2021,08:05:07 PM,00:20:00,00:20:00,08:35:27 PM,00:10:19,1819,,,,,
Project,Root.Daily Routine,TaskList,,15-Jun-2021,08:35:50 PM,00:30:00,00:30:00,09:34:59 PM,00:29:00,3537,,,,,
ActivityClasses,ActivityClasses.Daily Activity,Fresh,,15-Jun-2021,09:38:04 PM,00:10:00,00:10:00,09:48:06 PM,,601,,,,,
ActivityClasses,ActivityClasses.Daily Activity,Dinner + Ent,,15-Jun-2021,09:48:21 PM,00:30:00,00:30:00,11:34:21 PM,01:15:56,6354,,,,,
Project,Root.Daily Routine,TaskList,,16-Jun-2021,08:17:16 AM,01:00:00,01:00:00,09:54:50 AM,00:37:26,5841,,,,,
ActivityClasses,ActivityClasses.Daily Activity,Fresh,,16-Jun-2021,09:59:00 AM,00:20:00,00:20:00,10:27:30 AM,00:08:29,1709,,,,,
Project,Root.Daily Routine,TaskLists-Notification,,16-Jun-2021,10:27:41 AM,01:00:00,01:00:00,12:04:39 PM,00:36:44,5802,,,,,
ActivityClasses,ActivityClasses.Daily Activity.Lunch,Take Lunch,,16-Jun-2021,12:12:23 PM,00:30:00,00:30:00,12:52:34 PM,00:10:09,2409,,,,,
ActivityClasses,ActivityClasses.Daily Activity,Workout,,16-Jun-2021,12:52:42 PM,01:00:00,00:56:29,01:49:14 PM,,3390,,,,,
ActivityClasses,ActivityClasses.Daily Activity,Mind Refresh,,16-Jun-2021,01:52:30 PM,00:20:00,00:12:53,02:05:24 PM,,774,,,,,
Project,Root.Daily Routine,TaskLists-Notification,,16-Jun-2021,02:05:14 PM,00:30:00,00:00:51,02:06:05 PM,,52,,,,,
Project,Root.Daily Routine,TaskLists-Notification,,16-Jun-2021,02:06:16 PM,00:30:00,00:30:00,02:39:31 PM,00:03:12,1993,,,,,
ActivityClasses,ActivityClasses.Daily Activity,Bathing,,16-Jun-2021,02:49:43 PM,00:20:00,00:17:27,03:07:10 PM,,1048,,,,,
ActivityClasses,ActivityClasses.Daily Activity.Lunch,Eat Lunch,,16-Jun-2021,03:07:45 PM,00:30:00,00:22:06,03:29:53 PM,,1327,,,,,
Project,Root.Daily Routine,TaskLists-Notification,,16-Jun-2021,03:32:38 PM,00:30:00,00:30:00,04:27:18 PM,00:24:29,3267,,,,,
Subject,Root.Math 10,Polynomial,,16-Jun-2021,05:09:46 PM,00:30:00,00:30:00,06:20:19 PM,00:31:570,3875,,,,,
Project,Root.Daily Routine,TaskLists-Notification,,16-Jun-2021,07:06:19 PM,00:30:00,00:30:00,07:59:14 PM,00:11:701,3159,,,,,
ActivityClasses,ActivityClasses.Daily Activity.Dinner,Take Dinner,,16-Jun-2021,08:17:29 PM,00:20:00,00:19:19,08:36:49 PM,,1160,,,,,
ActivityClasses,ActivityClasses.Daily Activity.Dinner,Eat Dinner,,16-Jun-2021,09:07:33 PM,00:30:00,00:30:00,12:20:20 AM,02:42:43,11558,,,,,
Project,Root,TM-TYT,,17-Jun-2021,09:10:28 AM,00:30:00,00:30:00,09:53:46 AM,00:06:435,2588,,,,,
Project,Root,TM-TYT,,17-Jun-2021,09:54:04 AM,01:00:00,00:48:17,10:42:36 AM,,2898,,,,,
ActivityClasses,ActivityClasses.Daily Activity,Fresh,,17-Jun-2021,10:42:56 AM,00:30:00,00:17:16,11:00:13 AM,,1037,,,,,
Project,Root,TM-TYT,,17-Jun-2021,11:00:23 AM,01:00:00,01:00:00,03:53:07 PM,00:27:50,5270,,,,,
ActivityClasses,ActivityClasses.Daily Activity,Bathing,,17-Jun-2021,04:03:17 PM,00:40:00,00:32:05,04:35:23 PM,,1926,,,,,
Subject,Root.Math 10,Polynomial,,17-Jun-2021,05:36:14 PM,00:40:00,00:38:20,06:26:47 PM,,2301,,,,,
Project,Root,TM-TYT,,18-Jun-2021,04:00:56 PM,00:30:00,00:30:00,04:59:08 PM,00:28:07,3485,,,,,
ActivityClasses,ActivityClasses,Entertainment2,,18-Jun-2021,05:59:18 PM,02:00:00,02:00:00,01:24:11 AM,04:03:4909,25154,,,,,
Project,Root.TM-TYT.Notification,EventNotify,,19-Jun-2021,01:58:15 PM,02:00:00,01:39:34,03:56:33 PM,,5975,,,,,
ActivityClasses,ActivityClasses.Daily Activity,Lunch,,19-Jun-2021,04:01:53 PM,00:30:00,00:29:38,04:31:32 PM,,1779,,,,,
Project,Root.TM-TYT.Notification,EventNotify,,19-Jun-2021,04:31:53 PM,00:20:00,00:18:56,04:50:50 PM,,1137,,,,,
Subject,Root,Science 10,,19-Jun-2021,05:09:25 PM,00:30:00,00:30:00,06:28:07 PM,00:35:820,4003,,,,,
Project,Root.TM-TYT.Notification,EventNotify,,19-Jun-2021,08:39:32 PM,00:30:00,00:30:00,09:13:45 PM,00:04:09,2050,,,,,
ActivityClasses,ActivityClasses.Daily Activity,Dinner + Ent,,19-Jun-2021,09:25:31 PM,02:00:00,01:43:19,11:08:55 PM,,6200,,,,,
Project,Root.TM-TYT.Notification,EventNotify,,20-Jun-2021,10:45:18 AM,01:00:00,00:16:00,02:03:31 PM,,961,,,,,
Project,Root.TM-TYT.Notification,EventNotify,,20-Jun-2021,02:03:41 PM,00:30:00,00:17:09,02:20:57 PM,,1030,,,,,
ActivityClasses,ActivityClasses.Daily Activity,Lunch,,20-Jun-2021,03:06:34 PM,00:30:00,00:29:15,03:35:50 PM,,1756,,,,,
Project,Root.TM-TYT,Notification,,20-Jun-2021,04:30:40 PM,00:300:00,00:00:02,04:30:42 PM,,3,,,,,
Project,Root.TM-TYT,Notification,,20-Jun-2021,04:30:51 PM,00:30:00,00:30:00,06:49:31 PM,01:48:37,8310,,,,,
ActivityClasses,ActivityClasses.Entertainment2,Mind Fresh,,20-Jun-2021,07:22:30 PM,01:00:00,01:00:00,10:04:36 AM,06:36:25563,27415,,,,,
Project,Root.TM-TYT.Notification,EventNotify,,21-Jun-2021,10:10:22 AM,01:00:00,00:31:06,10:41:32 AM,,1867,,,,,
Project,Root.TM-TYT.Notification,EventNotify,,21-Jun-2021,01:38:27 PM,00:30:00,00:30:00,02:14:39 PM,00:06:08,2169,,,,,
ActivityClasses,ActivityClasses.Daily Activity,Bathing,,21-Jun-2021,02:14:49 PM,00:20:00,00:19:40,02:34:30 PM,,1181,,,,,
ActivityClasses,ActivityClasses.Daily Activity.Lunch,Eat Lunch,,21-Jun-2021,02:35:04 PM,00:30:00,00:30:00,03:11:19 PM,00:06:12,2173,,,,,
Project,Root.TM-TYT.Notification,EventNotify,,21-Jun-2021,03:11:59 PM,00:30:00,00:28:37,03:40:38 PM,,1718,,,,,
Subject,Root,Math 10,,21-Jun-2021,05:09:27 PM,01:00:00,01:00:00,06:57:22 PM,00:08:2340,4290,,,,,
Project,Root.TM-TYT,Notification,,21-Jun-2021,07:41:56 PM,00:20:00,00:06:11,07:48:07 PM,,372,,,,,
Project,Root.TM-TYT,Notification,,22-Jun-2021,09:12:43 AM,01:00:00,01:00:00,10:53:27 AM,00:06:2067,6018,,,,,
ActivityClasses,ActivityClasses.Daily Activity,Fresh,,22-Jun-2021,10:54:33 AM,00:20:00,00:13:36,11:08:13 AM,,817,,,,,
Project,Root.TM-TYT,Notification,,22-Jun-2021,11:18:06 AM,01:00:00,00:20:18,11:38:26 AM,,1219,,,,,
ActivityClasses,ActivityClasses.Daily Activity,Lunch,,22-Jun-2021,02:11:01 PM,00:20:00,00:20:00,03:23:10 PM,00:52:08,4325,,,,,
Project,Root.TM-TYT,Notification,,22-Jun-2021,03:24:53 PM,01:00:00,01:00:00,04:40:25 PM,00:15:15,4512,,,,,
Subject,Root.Science 10,LIght and Reflection,,22-Jun-2021,05:09:51 PM,01:00:00,01:00:00,06:12:46 PM,00:02:51,3771,,,,,
ActivityClasses,ActivityClasses.Daily Activity,Dinner,,22-Jun-2021,08:36:58 PM,00:30:00,00:30:00,01:03:30 AM,03:56:29,15982,,,,,
ActivityClasses,ActivityClasses.Daily Activity,Lunch,,23-Jun-2021,02:53:37 PM,00:30:00,00:30:00,03:51:19 PM,00:27:39,3460,,,,,
ActivityClasses,ActivityClasses.Entertainment2,Mind Fresh,,23-Jun-2021,03:51:27 PM,01:00:00,00:36:52,04:28:21 PM,,2213,,,,,
Subject,Root,Math 10,,23-Jun-2021,05:09:01 PM,00:30:00,00:30:00,06:49:10 PM,00:34:2167,4364,,,,,
Project,Root.TM-TYT,Notification,,23-Jun-2021,06:50:23 PM,00:30:00,00:30:00,07:33:59 PM,00:13:29,2608,,,,,
ActivityClasses,ActivityClasses,Entertainment2,,23-Jun-2021,08:47:52 PM,02:00:00,00:41:38,09:29:52 PM,,2499,,,,,
Project,Root.TM-TYT,Notification,,23-Jun-2021,09:30:09 PM,00:30:00,00:30:00,11:05:05 PM,01:04:40,5677,,,,,
ActivityClasses,ActivityClasses.Entertainment2,Mind Fresh,,23-Jun-2021,11:07:52 PM,01:00:00,00:42:03,11:49:57 PM,,2524,,,,,
Project,Root.TM-TYT,Notification,,24-Jun-2021,11:06:41 AM,01:00:00,00:25:45,12:01:30 PM,,1546,,,,,
ActivityClasses,ActivityClasses.Daily Activity,Bathing,,24-Jun-2021,12:01:41 PM,00:20:00,00:07:07,12:15:56 PM,,428,,,,,
ActivityClasses,ActivityClasses.Daily Activity,Lunch,,24-Jun-2021,12:18:53 PM,00:30:00,00:30:00,12:52:29 PM,00:03:33,2014,,,,,
ActivityClasses,ActivityClasses.Entertainment2,Mind Fresh,,24-Jun-2021,12:52:51 PM,00:20:00,00:11:25,01:04:18 PM,,686,,,,,
Project,Root.TM-TYT,Notification,,24-Jun-2021,01:04:27 PM,00:30:00,00:30:00,01:34:48 PM,00:00:13,1814,,,,,
Project,Root.TM-TYT,Notification,,24-Jun-2021,03:56:13 PM,01:00:00,00:47:31,04:43:53 PM,,2852,,,,,
Subject,Root,Math 10,,24-Jun-2021,05:04:57 PM,00:40:00,00:40:00,06:44:47 PM,00:41:1126,4958,,,,,
Project,Root.TM-TYT,Notification,,24-Jun-2021,07:14:38 PM,00:30:00,00:30:00,07:54:25 PM,00:09:34,2375,,,,,
ActivityClasses,ActivityClasses.Daily Activity.Dinner,Take Dinner,,24-Jun-2021,08:11:38 PM,00:30:00,00:30:00,09:44:45 PM,01:03:05,5584,,,,,
ActivityClasses,ActivityClasses.Daily Activity,Dinner + Ent,,24-Jun-2021,09:45:32 PM,01:00:00,01:00:00,11:11:24 PM,00:25:48,5148,,,,,
Project,Root.TM-TYT,Notification,,24-Jun-2021,11:24:27 PM,00:30:00,00:30:00,12:17:20 AM,00:22:44,3163,,,,,
Project,Root.TM-TYT,Notification,,25-Jun-2021,10:07:05 AM,00:30:00,00:30:00,11:41:24 AM,01:04:08,5647,,,,,
ActivityClasses,ActivityClasses.Daily Activity,Fresh,,25-Jun-2021,11:46:43 AM,00:20:00,00:16:53,12:03:37 PM,,1014,,,,,
Project,Root.TM-TYT,Python_Skill,,25-Jun-2021,12:07:23 PM,01:00:00,00:37:35,12:44:59 PM,,2256,,,,,
ActivityClasses,ActivityClasses.Daily Activity,Bathing,,25-Jun-2021,12:45:10 PM,00:30:00,00:16:21,01:01:33 PM,,982,,,,,
ActivityClasses,ActivityClasses.Entertainment2,Mind Fresh,,25-Jun-2021,01:16:31 PM,00:30:00,00:09:38,01:26:10 PM,,579,,,,,
ActivityClasses,ActivityClasses.Daily Activity.Lunch,Take Lunch,,25-Jun-2021,01:26:18 PM,01:00:00,00:00:13,02:17:36 PM,,14,,,,,
ActivityClasses,ActivityClasses.Daily Activity,Lunch,,25-Jun-2021,02:20:53 PM,00:30:00,00:30:00,03:20:16 PM,00:29:21,3554,,,,,
Project,Root.TM-TYT,Notification,,25-Jun-2021,03:13:05 PM,00:30:00,00:07:14,03:20:21 PM,,435,,,,,
Subject,Root,Science 10,,25-Jun-2021,05:06:45 PM,00:40:00,00:40:00,06:03:43 PM,00:16:54,3414,,,,,
Subject,Root,Science 10,,25-Jun-2021,06:04:00 PM,00:30:00,00:27:59,06:50:40 PM,,1680,,,,,
Project,Root.TM-TYT,Python_Skill,,25-Jun-2021,07:12:21 PM,00:30:00,00:30:00,07:57:53 PM,00:15:30,2730,,,,,
ActivityClasses,ActivityClasses.Daily Activity.Dinner,Take Dinner,,25-Jun-2021,08:04:46 PM,00:30:00,00:22:58,08:27:46 PM,,1379,,,,,
ActivityClasses,ActivityClasses.Daily Activity,Dinner + Ent,,25-Jun-2021,08:33:28 PM,01:00:00,00:34:15,09:07:44 PM,,2056,,,,,
Project,Root.TM-TYT,Notification,,25-Jun-2021,09:07:51 PM,01:00:00,01:00:00,10:28:44 PM,00:19:53,4792,,,,,
ActivityClasses,ActivityClasses.Entertainment2,Mind Fresh,,25-Jun-2021,10:44:06 PM,01:00:00,01:00:00,12:04:19 AM,00:20:09,4810,,,,,
Project,Root.TM-TYT,Python_Skill,,26-Jun-2021,09:47:31 AM,00:30:00,00:27:54,10:15:26 AM,,1675,,,,,
Project,Root.TM-TYT,Python_Skill,,26-Jun-2021,10:15:47 AM,01:00:00,01:00:00,11:30:03 AM,00:14:12,4453,,,,,
ActivityClasses,ActivityClasses.Daily Activity,Fresh,,26-Jun-2021,11:43:22 AM,00:20:00,00:20:00,12:18:55 PM,00:15:31,2132,,,,,
ActivityClasses,ActivityClasses.Daily Activity,Bathing,,26-Jun-2021,12:19:14 PM,00:20:00,00:20:00,12:47:04 PM,00:07:47,1667,,,,,
ActivityClasses,ActivityClasses.Daily Activity.Lunch,Take Lunch,,26-Jun-2021,12:47:18 PM,01:00:00,01:00:00,02:30:20 PM,00:42:57,6176,,,,,
Project,Root.TM-TYT,Python_Skill,,26-Jun-2021,03:51:28 PM,00:30:00,00:15:10,04:06:39 PM,,911,,,,,
Subject,Root,Math 10,,26-Jun-2021,05:07:45 PM,00:40:00,00:40:00,06:41:00 PM,00:53:11,5589,,,,,
ActivityClasses,ActivityClasses.Daily Activity.Dinner,Take Dinner,,26-Jun-2021,08:23:29 PM,00:30:00,00:30:00,10:02:30 PM,01:08:59,5937,,,,,
Project,Root.TM-TYT,Notification,,26-Jun-2021,10:24:08 PM,01:00:00,01:00:00,12:12:54 AM,00:48:12,6488,,,,,
Project,Root.TM-TYT,Python_Skill,,27-Jun-2021,12:25:40 AM,01:00:00,00:20:19,12:46:00 AM,,1220,,,,,
Project,Root.TM-TYT,Python_Skill,,27-Jun-2021,08:54:28 AM,01:00:00,01:00:00,10:32:39 AM,00:38:08,5888,,,,,
Project,Root.TM-TYT,Python_Skill,,27-Jun-2021,11:38:35 AM,00:30:00,00:30:00,12:11:53 PM,00:03:14,1995,,,,,
ActivityClasses,ActivityClasses.Daily Activity,Bathing,,27-Jun-2021,12:17:43 PM,00:30:00,00:30:00,01:45:09 PM,00:57:23,5243,,,,,
Project,Root.TM-TYT,Python_Skill,,27-Jun-2021,02:07:03 PM,01:00:00,00:58:36,03:05:41 PM,,3517,,,,,
Project,Root.TM-TYT,Python_Skill,,27-Jun-2021,05:59:54 PM,01:00:00,01:00:00,07:34:41 PM,00:34:44,5684,,,,,
ActivityClasses,ActivityClasses.Daily Activity,Dinner,,27-Jun-2021,09:10:04 PM,00:30:00,00:30:00,10:31:56 PM,00:51:50,4909,,,,,
Project,Root.TM-TYT,Python_Skill,,27-Jun-2021,10:32:14 PM,01:00:00,00:56:26,11:28:43 PM,,3387,,,,,
Project,Root.TM-TYT,Python_Skill,,27-Jun-2021,11:38:55 PM,00:20:00,00:18:51,11:57:47 PM,,1132,,,,,
Project,Root.TM-TYT,Python_Skill,,28-Jun-2021,09:37:14 AM,01:00:00,01:00:00,10:37:26 AM,00:00:09,3610,,,,,
ActivityClasses,ActivityClasses.Daily Activity,Workout,,28-Jun-2021,11:07:49 AM,00:30:00,00:30:00,11:41:49 AM,00:03:57,2038,,,,,
ActivityClasses,ActivityClasses.Entertainment2,Mind Fresh,,28-Jun-2021,11:44:02 AM,00:30:00,00:30:00,12:18:40 PM,00:04:35,2076,,,,,
ActivityClasses,ActivityClasses.Daily Activity.Lunch,Take Lunch,,28-Jun-2021,12:38:52 PM,00:30:00,00:30:00,01:46:18 PM,00:37:24,4043,,,,,
Project,Root.TM-TYT,Python_Skill,,28-Jun-2021,02:17:57 PM,01:00:00,01:00:00,04:00:23 PM,00:42:23,6142,,,,,
Subject,Root,Math 10,,28-Jun-2021,05:06:50 PM,00:40:00,00:40:00,06:52:35 PM,00:21:2667,5475,,,,,
ActivityClasses,ActivityClasses.Daily Activity,Other,,28-Jun-2021,07:30:15 PM,01:00:00,00:46:30,08:16:48 PM,,2791,,,,,
Project,Root.TM-TYT,Python_Skill,,28-Jun-2021,09:32:23 PM,01:00:00,00:57:58,10:30:23 PM,,3479,,,,,
Project,Root.TM-TYT,Python_Skill,,28-Jun-2021,10:46:59 PM,01:00:00,00:38:00,11:25:01 PM,,2281,,,,,
ActivityClasses,ActivityClasses.Entertainment2,Mind Fresh,,29-Jun-2021,09:39:51 AM,00:20:00,00:12:33,09:52:24 AM,,754,,,,,
Project,Root.TM-TYT,Python_Skill,,29-Jun-2021,09:52:45 AM,01:00:00,01:00:00,11:37:59 AM,00:42:22,6142,,,,,
ActivityClasses,ActivityClasses.Daily Activity.Lunch,Eat Lunch,,29-Jun-2021,01:33:33 PM,00:30:00,00:29:50,02:03:25 PM,,1791,,,,,
Project,Root.TM-TYT,Python_Skill,,29-Jun-2021,02:03:35 PM,01:00:00,00:51:46,02:55:23 PM,,3107,,,,,
Subject,Root,Math 10,,29-Jun-2021,05:02:40 PM,00:40:00,00:40:00,06:47:11 PM,00:47:1046,5283,,,,,
ActivityClasses,ActivityClasses.Daily Activity,Dinner + Ent,,29-Jun-2021,08:54:24 PM,00:30:00,00:30:00,10:39:40 PM,01:15:13,6312,,,,,
Project,Root.TM-TYT,Python_Skill,,29-Jun-2021,10:40:32 PM,00:40:00,00:00:01,10:40:34 PM,,2,,,,,
Project,Root.TM-TYT,Python_Skill,,29-Jun-2021,10:44:56 PM,01:00:00,01:00:00,11:51:12 PM,00:06:14,3974,,,,,
ActivityClasses,ActivityClasses.Entertainment2,Mind Fresh,,30-Jun-2021,12:30:32 AM,00:30:00,00:30:00,01:44:00 AM,00:43:26,4404,,,,,
Project,Root.TM-TYT,Python_Skill,,30-Jun-2021,09:06:52 AM,01:00:00,01:00:00,10:27:51 AM,00:20:55,4856,,,,,
Project,Root.TM-TYT,Python_Skill,,30-Jun-2021,11:01:40 AM,00:30:00,00:30:00,11:52:04 AM,00:20:22,3022,,,,,
ActivityClasses,ActivityClasses.Entertainment2,Mind Fresh,,30-Jun-2021,02:54:08 PM,00:20:00,00:20:00,03:43:25 PM,00:29:15,2955,,,,,
ActivityClasses,ActivityClasses.Entertainment2,Mind Fresh,,30-Jun-2021,04:15:31 PM,01:00:00,00:37:14,04:52:46 PM,,2235,,,,,
Subject,Root,Math 10,,30-Jun-2021,05:16:44 PM,01:00:00,01:00:00,06:30:56 PM,00:14:07,4416,,,,,
Project,Root.TM-TYT.Python_Skill,Generators,,30-Jun-2021,07:35:12 PM,00:20:00,00:20:00,08:05:35 PM,00:10:20,1821,,,,,
ActivityClasses,ActivityClasses.Daily Activity.Dinner,Take Dinner,,30-Jun-2021,08:05:46 PM,00:30:00,00:28:45,08:34:32 PM,,1726,,,,,
ActivityClasses,ActivityClasses.Entertainment2,Mind Fresh,,30-Jun-2021,10:29:05 PM,00:30:00,00:30:00,12:07:17 AM,01:08:10,5888,,,,,
Project,Root.TM-TYT.Python_Skill,Generators,,30-Jun-2021,11:03:02 PM,01:00:00,01:00:00,12:07:22 AM,00:04:17,3857,,,,,
Project,Root.TM-TYT.Python_Skill,Generators,,01-Jul-2021,12:19:46 AM,01:00:00,00:40:51,01:00:38 AM,,2452,,,,,
Project,Root.TM-TYT.Python_Skill,Skill Refresh,,01-Jul-2021,08:06:40 AM,00:30:00,00:12:36,08:19:17 AM,,757,,,,,
Project,Root.TM-TYT.Python_Skill,Decorators,,01-Jul-2021,08:20:11 AM,01:00:00,00:52:35,09:12:49 AM,,3156,,,,,
ActivityClasses,ActivityClasses.Daily Activity,Fresh,,01-Jul-2021,10:18:49 AM,00:20:00,00:20:00,10:42:55 AM,00:04:04,1445,,,,,
Subject,Root.Matplotlib,Figure,,01-Jul-2021,10:46:25 AM,01:00:00,01:00:00,11:55:38 AM,00:09:00,4140,,,,,
Subject,Root.Matplotlib,Figure,,01-Jul-2021,12:24:53 PM,01:00:00,00:14:28,12:39:24 PM,,869,,,,,
ActivityClasses,ActivityClasses.Daily Activity.Lunch,Eat Lunch,,01-Jul-2021,01:42:55 PM,01:00:00,01:00:00,03:56:10 PM,01:13:12,7990,,,,,
Subject,Root.Math 10,Polynomial,,01-Jul-2021,05:13:53 PM,01:00:00,00:00:03,05:13:57 PM,,4,,,,,
Subject,Root.Matplotlib,Practice,,01-Jul-2021,07:13:34 PM,01:00:00,00:57:36,08:11:13 PM,,3457,,,,,
ActivityClasses,ActivityClasses.Daily Activity.Dinner,Take Dinner,,01-Jul-2021,08:11:31 PM,01:00:00,00:52:41,09:04:14 PM,,3162,,,,,
ActivityClasses,ActivityClasses.Daily Activity,Dinner + Ent,,01-Jul-2021,09:09:20 PM,01:00:00,00:57:01,10:06:23 PM,,3422,,,,,
Subject,Root.Matplotlib,Practice,,01-Jul-2021,10:06:55 PM,01:00:00,01:00:00,11:51:30 PM,00:44:32,6271,,,,,
ActivityClasses,ActivityClasses.Entertainment2,Mind Fresh,,02-Jul-2021,08:36:08 AM,00:20:00,00:20:00,09:06:17 AM,00:10:07,1808,,,,,
Subject,Root.Python Modules,BeautifulSoup,,02-Jul-2021,09:10:38 AM,01:00:00,01:00:00,10:35:59 AM,00:25:18,5118,,,,,
ActivityClasses,ActivityClasses.Entertainment2,Mind Fresh,,02-Jul-2021,10:40:03 AM,00:30:00,00:30:00,11:26:58 AM,00:16:52,2813,,,,,
Subject,Root.Python Modules,BeautifulSoup,,02-Jul-2021,11:27:16 AM,01:00:00,00:34:27,12:01:45 PM,,2068,,,,,
Subject,Root,Matplotlib,,02-Jul-2021,12:25:01 PM,01:00:00,01:00:00,01:34:48 PM,00:09:45,4185,,,,,
ActivityClasses,ActivityClasses.Daily Activity,Bathing,,02-Jul-2021,01:39:54 PM,00:20:00,00:20:00,02:00:06 PM,00:00:10,1211,,,,,
ActivityClasses,ActivityClasses.Daily Activity.Lunch,Eat Lunch,,02-Jul-2021,02:30:10 PM,00:30:00,00:21:08,02:51:19 PM,,1269,,,,,
Subject,Root.Science 10,LIght and Reflection,,02-Jul-2021,06:13:28 PM,00:30:00,00:22:46,06:36:16 PM,,1367,,,,,
Subject,Root,Matplotlib,,03-Jul-2021,08:19:19 AM,01:00:00,01:00:00,09:26:58 AM,00:07:35,4056,,,,,
ActivityClasses,ActivityClasses.Daily Activity,Bathing,,03-Jul-2021,09:30:01 AM,01:00:00,00:00:54,09:30:55 AM,,55,,,,,
ActivityClasses,ActivityClasses.Daily Activity,Fresh,,03-Jul-2021,09:31:08 AM,00:20:00,00:14:05,09:45:14 AM,,846,,,,,
Subject,Root,Matplotlib,,03-Jul-2021,09:46:04 AM,01:00:00,01:00:00,11:02:39 AM,00:11:59,4319,,,,,
ActivityClasses,ActivityClasses.Daily Activity.Lunch,Eat Lunch,,03-Jul-2021,12:31:26 PM,00:30:00,00:30:00,05:11:53 PM,01:45:8725,8191,,,,,
Subject,Root.Science 10,LIght and Reflection,,03-Jul-2021,05:12:34 PM,01:00:00,01:00:00,08:31:02 PM,00:20:7099,4866,,,,,
ActivityClasses,ActivityClasses.Daily Activity,Dinner + Ent,,03-Jul-2021,09:19:30 PM,02:00:00,02:00:00,02:12:14 AM,02:52:39,17551,,,,,
Subject,Root,Matplotlib,,04-Jul-2021,08:57:08 AM,01:00:00,01:00:00,10:18:20 AM,00:21:09,4869,,,,,
ActivityClasses,ActivityClasses.Daily Activity,Fresh,,04-Jul-2021,10:18:33 AM,00:20:00,00:15:24,10:33:58 AM,,925,,,,,
Subject,Root,Matplotlib,,04-Jul-2021,10:48:55 AM,01:00:00,01:00:00,12:08:00 PM,00:19:02,4742,,,,,
ActivityClasses,ActivityClasses.Daily Activity,Bathing,,04-Jul-2021,12:08:21 PM,00:20:00,00:20:00,12:29:55 PM,00:01:32,1293,,,,,
ActivityClasses,ActivityClasses.Daily Activity.Lunch,Eat Lunch,,04-Jul-2021,12:30:14 PM,01:00:00,00:30:20,01:00:36 PM,,1821,,,,,
Subject,Root,Matplotlib,,04-Jul-2021,01:01:15 PM,01:00:00,00:00:21,01:01:37 PM,,22,,,,,
Subject,Root,Matplotlib,,04-Jul-2021,01:03:29 PM,01:00:00,01:00:00,02:31:03 PM,00:27:30,5250,,,,,
Subject,Root,Matplotlib,,04-Jul-2021,02:34:40 PM,01:00:00,01:00:00,03:52:14 PM,00:17:32,4652,,,,,
Subject,Root,Matplotlib,,04-Jul-2021,06:08:57 PM,01:00:00,01:00:00,07:26:25 PM,00:17:24,4645,,,,,
ActivityClasses,ActivityClasses.Daily Activity,Dinner + Ent,,04-Jul-2021,08:56:23 PM,01:00:00,01:00:00,10:12:09 PM,00:15:42,4543,,,,,
Subject,Root,Matplotlib,,04-Jul-2021,10:12:21 PM,01:00:00,00:21:38,10:34:00 PM,,1299,,,,,
Subject,Root.Science 10,Control and Coordinate,,04-Jul-2021,10:35:28 PM,01:00:00,01:00:00,11:51:00 PM,00:15:28,4528,,,,,
Subject,Root,Matplotlib,,05-Jul-2021,09:56:25 AM,01:00:00,01:00:00,11:03:01 AM,00:06:33,3994,,,,,
ActivityClasses,ActivityClasses.Daily Activity,Fresh,,05-Jul-2021,11:03:43 AM,00:20:00,00:15:49,11:19:33 AM,,950,,,,,
Subject,Root.Matplotlib,Practice,,05-Jul-2021,11:19:52 AM,01:00:00,00:40:08,12:00:03 PM,,2409,,,,,
ActivityClasses,ActivityClasses.Daily Activity,Lunch,,05-Jul-2021,12:08:30 PM,00:30:00,00:25:02,12:33:33 PM,,1503,,,,,
ActivityClasses,ActivityClasses.Daily Activity,Bathing,,05-Jul-2021,12:42:29 PM,00:30:00,00:26:04,01:08:34 PM,,1565,,,,,
Subject,Root.Matplotlib,Practice,,05-Jul-2021,01:10:56 PM,01:00:00,01:00:00,02:14:38 PM,00:03:39,3820,,,,,
Subject,Root.Data Science,Study,,05-Jul-2021,04:07:26 PM,00:30:00,00:11:00,04:18:27 PM,,661,,,,,
Subject,Root,Math 10,,05-Jul-2021,05:16:29 PM,01:20:00,01:05:29,06:44:30 PM,,3930,,,,,
Subject,Root.Matplotlib,Practice,,05-Jul-2021,07:00:41 PM,01:00:00,00:22:58,07:23:39 PM,,1379,,,,,
Subject,Root.Matplotlib,Practice,,05-Jul-2021,07:32:41 PM,00:30:00,00:30:00,08:36:27 PM,00:33:43,3823,,,,,
Subject,Root.Matplotlib,Practice,,06-Jul-2021,09:31:32 AM,01:00:00,01:00:00,11:02:43 AM,00:31:06,5466,,,,,
ActivityClasses,ActivityClasses.Daily Activity,Fresh,,06-Jul-2021,11:04:03 AM,00:20:00,00:15:09,11:19:13 AM,,910,,,,,
Subject,Root,Math 10,,06-Jul-2021,11:48:16 AM,00:30:00,00:19:08,12:07:26 PM,,1149,,,,,
ActivityClasses,ActivityClasses.Daily Activity,Lunch,,06-Jul-2021,12:46:44 PM,01:00:00,00:37:53,01:24:38 PM,,2274,,,,,
Subject,Root.Science 10,Control and Coordinate,,06-Jul-2021,04:31:13 PM,00:20:00,00:08:55,04:40:09 PM,,536,,,,,
Project,Root,TM-TYT,,06-Jul-2021,07:47:56 PM,00:30:00,00:30:00,08:36:52 PM,00:18:37,2896,,,,,
ActivityClasses,ActivityClasses.Daily Activity,Dinner,,06-Jul-2021,09:16:33 PM,00:30:00,00:30:00,11:32:27 PM,01:45:52,8150,,,,,
Subject,Root.C Language,Reading,,06-Jul-2021,11:48:39 PM,00:30:00,00:11:29,12:00:09 AM,,690,,,,,
Subject,Root.C Language,Reading,,07-Jul-2021,12:01:19 AM,00:30:00,00:30:00,12:58:47 AM,00:17:624,3404,,,,,
Subject,Root.Matplotlib,Practice,,07-Jul-2021,11:00:53 AM,01:00:00,01:00:00,12:23:21 PM,00:22:25,4945,,,,,
ActivityClasses,ActivityClasses.Daily Activity,Lunch,,07-Jul-2021,03:01:12 PM,01:00:00,00:46:31,03:47:46 PM,,2792,,,,,
Subject,Root.Math 10,Trigonometry,,07-Jul-2021,05:11:55 PM,00:50:00,00:50:00,06:44:39 PM,00:13:1779,4232,,,,,
Subject,Root,Matplotlib,,07-Jul-2021,06:45:38 PM,01:00:00,00:46:00,07:31:41 PM,,2761,,,,,
ActivityClasses,ActivityClasses.Daily Activity,Dinner,,07-Jul-2021,09:29:42 PM,01:00:00,00:18:10,09:47:54 PM,,1091,,,,,
ActivityClasses,ActivityClasses.Daily Activity,Entertainment,,07-Jul-2021,09:51:27 PM,01:00:00,00:58:52,10:50:20 PM,,3533,,,,,
Subject,Root.Matplotlib,Practice,,07-Jul-2021,10:14:25 PM,00:30:00,00:30:00,10:50:25 PM,00:05:59,2159,,,,,
Subject,Root.Matplotlib,Practice,,07-Jul-2021,11:39:33 PM,00:20:00,00:20:00,11:59:48 PM,00:00:13,1214,,,,,
Subject,Root.Matplotlib,Practice,,08-Jul-2021,12:00:42 AM,01:00:00,01:00:00,01:28:36 AM,00:27:51,5271,,,,,
Subject,Root.Matplotlib,Practice,,08-Jul-2021,09:32:55 AM,01:00:00,00:45:47,10:18:44 AM,,2748,,,,,
Subject,Root.Web Scrapping,Chrome Dev Tools,,08-Jul-2021,10:21:45 AM,01:00:00,00:23:58,10:45:44 AM,,1439,,,,,
Subject,Root.Web Scrapping.Selenium,Tutorial,,08-Jul-2021,11:40:16 AM,01:00:00,00:43:11,12:23:29 PM,,2592,,,,,
ActivityClasses,ActivityClasses.Daily Activity,Lunch,,08-Jul-2021,12:53:15 PM,00:30:00,00:30:00,02:05:21 PM,00:42:03,4323,,,,,
Subject,Root.Math 10,Trigonometry,,08-Jul-2021,05:08:11 PM,00:50:00,00:50:00,07:08:53 PM,00:27:0,4620,,,,,
ActivityClasses,ActivityClasses.Daily Activity,Dinner + Ent,,08-Jul-2021,09:22:00 PM,01:00:00,00:21:28,09:43:30 PM,,1289,,,,,
Subject,Root.Web Scrapping,Selenium,,08-Jul-2021,10:29:30 PM,01:00:00,01:00:00,12:14:31 AM,00:44:40,6278,,,,,
Subject,Root.Statistical Learning,Supervised Learning,,09-Jul-2021,06:39:02 PM,01:00:00,00:55:55,07:34:58 PM,,3356,,,,,
ActivityClasses,ActivityClasses.Daily Activity.Dinner,Take Dinner,,09-Jul-2021,07:44:38 PM,01:00:00,01:00:00,08:48:56 PM,00:04:15,3855,,,,,
ActivityClasses,ActivityClasses.Daily Activity,Dinner + Ent,,09-Jul-2021,08:53:20 PM,01:00:00,01:00:00,01:44:34 AM,03:51:10,17466,,,,,
Subject,Root.Math 10,Trigonometry,,10-Jul-2021,05:24:19 PM,01:00:00,01:00:00,06:30:23 PM,00:03:48,3828,,,,,
ActivityClasses,ActivityClasses.Daily Activity,Dinner + Ent,,10-Jul-2021,08:20:10 PM,01:00:00,01:00:00,11:21:26 PM,02:01:13,10871,,,,,
ActivityClasses,ActivityClasses.Daily Activity,Entertainment,,10-Jul-2021,11:21:58 PM,01:00:00,01:00:00,01:58:12 AM,01:36:10,9369,,,,,
Subject,Root,Science 10,,11-Jul-2021,11:55:24 AM,01:00:00,00:34:36,12:30:01 PM,,2077,,,,,
ActivityClasses,ActivityClasses.Daily Activity.Lunch,Take Lunch,,11-Jul-2021,12:37:44 PM,00:30:00,00:20:40,12:58:26 PM,,1241,,,,,
ActivityClasses,ActivityClasses.Daily Activity,Lunch,,11-Jul-2021,01:06:24 PM,00:30:00,00:25:36,01:32:02 PM,,1537,,,,,
Subject,Root,Calculus,,11-Jul-2021,01:33:34 PM,00:30:00,00:30:00,02:28:55 PM,00:25:19,3319,,,,,
Subject,Root.Math 10,Trigonometry,,11-Jul-2021,04:08:03 PM,01:00:00,01:00:00,06:13:19 PM,00:50:912,6769,,,,,
ActivityClasses,ActivityClasses.Daily Activity,Dinner + Ent,,11-Jul-2021,09:00:12 PM,01:00:00,01:00:00,11:27:16 PM,01:26:58,8817,,,,,
Subject,Root.Probability for ML,Probability Basic,,12-Jul-2021,08:19:12 AM,01:00:00,01:00:00,09:49:05 AM,00:29:50,5390,,,,,
Subject,Root,Science 10,,12-Jul-2021,11:05:29 AM,01:00:00,01:00:00,12:52:58 PM,00:47:26,6446,,,,,
ActivityClasses,ActivityClasses.Daily Activity,Lunch,,12-Jul-2021,01:06:06 PM,01:00:00,01:00:00,02:24:51 PM,00:18:41,4722,,,,,
Subject,Root.Probability for ML,Probability Basic,,12-Jul-2021,02:25:12 PM,01:00:00,00:47:38,03:12:52 PM,,2859,,,,,
ActivityClasses,ActivityClasses.Daily Activity,Bathing,,12-Jul-2021,04:12:33 PM,00:30:00,00:20:23,04:32:57 PM,,1224,,,,,
Subject,Root,Science 10,,12-Jul-2021,05:07:00 PM,01:00:00,00:49:55,05:56:57 PM,,2996,,,,,
Subject,Root.Math 10,Trigonometry,,12-Jul-2021,05:58:43 PM,00:30:00,00:30:00,06:32:37 PM,00:03:51,2032,,,,,
Project,Root.TM-TYT.Activities,Statistics,,12-Jul-2021,07:41:41 PM,01:00:00,01:00:00,09:44:35 PM,01:02:48,7364,,,,,
ActivityClasses,ActivityClasses.Daily Activity,Fresh,,12-Jul-2021,09:53:08 PM,00:20:00,00:12:33,10:05:41 PM,,754,,,,,
ActivityClasses,ActivityClasses.Daily Activity,Dinner + Ent,,12-Jul-2021,10:05:48 PM,01:00:00,01:00:00,12:03:42 AM,00:57:51,7070,,,,,
Subject,Root.Probability for ML,Probability Basic,,13-Jul-2021,08:39:52 AM,01:00:00,00:55:20,09:35:13 AM,,3321,,,,,
Subject,Root,Science 10,,13-Jul-2021,10:45:33 AM,01:00:00,01:00:00,11:55:27 AM,00:09:50,4191,,,,,
Subject,Root.Probability for ML,Probability Basic,,13-Jul-2021,11:56:55 AM,01:00:00,00:28:58,12:26:11 PM,,1739,,,,,
Subject,Root.Probability for ML,Probability Basic,,13-Jul-2021,12:44:44 PM,01:00:00,00:24:22,01:09:07 PM,,1463,,,,,
ActivityClasses,ActivityClasses.Daily Activity,Bathing,,13-Jul-2021,01:09:38 PM,00:30:00,00:25:07,01:34:46 PM,,1508,,,,,
ActivityClasses,ActivityClasses.Daily Activity,Lunch,,13-Jul-2021,01:37:02 PM,00:30:00,00:30:00,02:25:52 PM,00:18:46,2927,,,,,
Subject,Root.Probability for ML,Probability Basic,,13-Jul-2021,02:31:23 PM,00:30:00,00:29:35,03:11:22 PM,,1776,,,,,
Subject,Root.Math 10,Trigonometry,,13-Jul-2021,05:14:30 PM,00:20:00,00:20:00,05:49:58 PM,00:15:25,2125,,,,,
Subject,Root.Math 10,Linear equations,,13-Jul-2021,05:53:43 PM,00:15:00,00:15:00,06:21:56 PM,00:13:11,1691,,,,,
Subject,Root.Science 10,"Acids, Bases, & Salts",,13-Jul-2021,06:22:16 PM,00:15:00,00:15:00,06:40:02 PM,00:02:44,1065,,,,,
ActivityClasses,ActivityClasses.Entertainment2,Mind Fresh,,13-Jul-2021,07:15:47 PM,00:30:00,00:30:00,07:50:44 PM,00:04:55,2096,,,,,
Project,Root.TM-TYT.Activities,Statistics,,13-Jul-2021,08:20:42 PM,01:00:00,01:00:00,09:53:51 PM,00:33:03,5578,,,,,
ActivityClasses,ActivityClasses.Daily Activity,Dinner + Ent,,13-Jul-2021,10:05:35 PM,00:30:00,00:30:00,11:15:09 PM,00:39:32,4167,,,,,
Project,Root.TM-TYT.Activities,Statistics,,13-Jul-2021,10:55:23 PM,01:00:00,00:20:08,11:15:36 PM,,1209,,,,,
Project,Root.TM-TYT.Activities,Statistics,,13-Jul-2021,11:16:11 PM,00:40:00,00:40:00,12:00:33 AM,00:04:13,2653,,,,,
Subject,Root.Probability for ML,Probability Basic,,14-Jul-2021,09:02:57 AM,01:00:00,01:00:00,10:03:24 AM,00:00:24,3625,,,,,
Subject,Root.Probability for ML,Probability Basic,,14-Jul-2021,10:36:40 AM,01:00:00,00:36:58,11:21:13 AM,,2219,,,,,
Subject,Root,Science 10,,14-Jul-2021,11:21:48 AM,00:30:00,00:30:00,11:52:55 AM,00:01:05,1866,,,,,
ActivityClasses,ActivityClasses.Daily Activity,Fresh,,14-Jul-2021,11:57:09 AM,00:20:00,00:13:50,12:11:00 PM,,831,,,,,
ActivityClasses,ActivityClasses.Daily Activity,Bathing,,14-Jul-2021,12:18:59 PM,00:30:00,00:24:24,12:43:25 PM,,1465,,,,,
ActivityClasses,ActivityClasses.Daily Activity,Lunch,,14-Jul-2021,12:53:44 PM,00:30:00,00:30:00,01:27:35 PM,00:03:49,2030,,,,,
Subject,Root,Science 10,,14-Jul-2021,01:27:51 PM,01:00:00,00:45:10,02:13:03 PM,,2711,,,,,
ActivityClasses,ActivityClasses.Daily Activity,Sleep-Nap,,14-Jul-2021,02:16:50 PM,01:00:00,01:00:00,03:36:46 PM,00:19:52,4792,,,,,
Subject,Root,Science 10,,14-Jul-2021,03:42:07 PM,00:30:00,00:30:00,04:26:32 PM,00:14:22,2663,,,,,
Subject,Root.Math 10,Trigonometry,,14-Jul-2021,05:04:00 PM,00:20:00,00:20:00,05:27:44 PM,00:03:41,1421,,,,,
Subject,Root.Math 10,Linear equations,,14-Jul-2021,05:28:32 PM,00:30:00,00:30:00,06:01:37 PM,00:03:03,1984,,,,,
Subject,Root.Science 10,"Acids, Bases, & Salts",,14-Jul-2021,06:03:18 PM,00:30:00,00:27:16,06:30:36 PM,,1637,,,,,
ActivityClasses,ActivityClasses.Entertainment2,Mind Fresh,,14-Jul-2021,07:14:44 PM,01:00:00,00:51:30,08:06:17 PM,,3091,,,,,
Project,Root.TM-TYT.Activities,Statistics,,14-Jul-2021,08:08:40 PM,01:00:00,00:46:37,08:55:29 PM,,2798,,,,,
ActivityClasses,ActivityClasses.Daily Activity,Dinner + Ent,,14-Jul-2021,09:06:02 PM,01:00:00,01:00:00,10:16:22 PM,00:10:17,4217,,,,,
Project,Root.TM-TYT.Activities,Statistics,,14-Jul-2021,10:53:10 PM,00:50:00,00:50:00,11:58:56 PM,00:15:35,3936,,,,,
Project,Root.TM-TYT.Activities,Statistics,,15-Jul-2021,12:01:17 AM,00:30:00,00:30:00,01:05:01 AM,00:33:42,3822,,,,,
ActivityClasses,ActivityClasses.Entertainment2,Mind Fresh,,15-Jul-2021,07:57:49 AM,00:30:00,00:30:00,08:33:36 AM,00:05:43,2144,,,,,
Subject,Root.Probability for ML,Probability Basic,,15-Jul-2021,08:38:20 AM,01:00:00,01:00:00,10:09:26 AM,00:31:03,5463,,,,,
ActivityClasses,ActivityClasses.Daily Activity,Sleep-Nap,,15-Jul-2021,11:26:49 AM,00:30:00,00:30:00,12:08:20 PM,00:11:29,2489,,,,,
Subject,Root.Probability for ML,Probability Basic,,15-Jul-2021,12:32:18 PM,01:00:00,00:11:00,12:43:19 PM,,661,,,,,
ActivityClasses,ActivityClasses.Daily Activity,Lunch,,15-Jul-2021,01:07:57 PM,00:30:00,00:30:00,02:33:28 PM,00:55:30,5129,,,,,
ActivityClasses,ActivityClasses.Daily Activity,Sleep-Nap,,15-Jul-2021,02:33:43 PM,00:30:00,00:24:48,02:58:33 PM,,1489,,,,,
Subject,Root,Science 10,,15-Jul-2021,03:02:13 PM,01:00:00,00:55:14,03:57:31 PM,,3315,,,,,
Subject,Root.Math 10,Linear equations,,15-Jul-2021,05:11:26 PM,00:50:00,00:50:00,06:05:47 PM,00:04:18,3259,,,,,
Subject,Root.Science 10,"Acids, Bases, & Salts",,15-Jul-2021,06:08:04 PM,00:25:00,00:25:00,06:33:20 PM,00:00:12,1513,,,,,
ActivityClasses,ActivityClasses.Entertainment2,Mind Fresh,,15-Jul-2021,06:53:31 PM,00:30:00,00:23:47,07:17:19 PM,,1428,,,,,
ActivityClasses,ActivityClasses.Daily Activity,Sleep-Nap,,15-Jul-2021,07:17:43 PM,00:30:00,00:27:55,07:45:40 PM,,1676,,,,,
Subject,Root.Probability for ML,Permutation & Combanation,,15-Jul-2021,07:49:30 PM,01:00:00,01:00:00,09:00:14 PM,00:10:40,4241,,,,,
ActivityClasses,ActivityClasses.Daily Activity,Dinner + Ent,,15-Jul-2021,09:05:49 PM,01:00:00,01:00:00,10:23:22 PM,00:17:28,4648,,,,,
Project,Root.TM-TYT.Activities,Statistics,,15-Jul-2021,10:24:39 PM,01:00:00,01:00:00,11:57:48 PM,00:33:06,5586,,,,,
Subject,Root.Web Scratching,Pandas,,16-Jul-2021,12:13:34 AM,00:30:00,00:15:58,12:29:33 AM,,959,,,,,
ActivityClasses,ActivityClasses.Daily Activity,Fresh,,16-Jul-2021,12:29:43 AM,00:20:00,00:11:17,12:41:01 AM,,678,,,,,
ActivityClasses,ActivityClasses.Entertainment2,Mind Fresh,,16-Jul-2021,07:50:28 AM,00:30:00,00:30:00,08:21:40 AM,00:01:10,1871,,,,,
Subject,Root.Probability for ML,Permutation & Combanation,,16-Jul-2021,08:25:49 AM,01:00:00,01:00:00,09:40:26 AM,00:14:29,4470,,,,,
Subject,Root.Probability for ML,Permutation & Combanation,,16-Jul-2021,10:41:43 AM,01:00:00,00:45:43,11:29:26 AM,,2744,,,,,
ActivityClasses,ActivityClasses.Daily Activity,Fresh,,16-Jul-2021,11:30:49 AM,00:20:00,00:17:42,11:48:32 AM,,1063,,,,,
ActivityClasses,ActivityClasses.Daily Activity,Sleep-Nap,,16-Jul-2021,11:57:06 AM,00:30:00,00:29:25,12:26:33 PM,,1766,,,,,
ActivityClasses,ActivityClasses.Daily Activity,Lunch,,16-Jul-2021,01:09:50 PM,01:00:00,00:50:15,02:00:07 PM,,3016,,,,,
Subject,Root,Math 10,,16-Jul-2021,02:00:17 PM,01:00:00,01:00:00,03:33:27 PM,00:33:06,5586,,,,,
Subject,Root,Science 10,,16-Jul-2021,01:58:59 PM,01:00:00,01:00:00,04:42:38 PM,01:43:36,9814,,,,,
Subject,Root.Science 10,LIght and Reflection,,16-Jul-2021,05:10:52 PM,00:50:00,00:00:27,05:11:20 PM,,28,,,,,
Subject,Root.Science 10,Science 10 Notes,,20-Jul-2021,11:08:28 AM,01:00:00,00:50:39,12:19:39 PM,,3040,,,,,
ActivityClasses,ActivityClasses.Daily Activity,Motivational,,20-Jul-2021,12:24:19 PM,00:20:00,00:13:51,12:38:12 PM,,832,,,,,
ActivityClasses,ActivityClasses.Daily Activity,Fresh,,20-Jul-2021,01:17:42 PM,00:20:00,00:20:00,01:44:27 PM,00:06:44,1604,,,,,
ActivityClasses,ActivityClasses.Daily Activity,Lunch,,20-Jul-2021,01:56:40 PM,00:30:00,00:27:30,02:24:12 PM,,1651,,,,,
Subject,Root.Science 10,Science 10 Notes,,20-Jul-2021,02:33:28 PM,01:00:00,00:22:08,02:55:38 PM,,1329,,,,,
Subject,Root.Math 10,Linear equations,,20-Jul-2021,05:23:36 PM,00:35:00,00:35:00,06:01:25 PM,00:02:46,2267,,,,,
Subject,Root.Science 10,"Acids, Bases, & Salts",,20-Jul-2021,06:03:21 PM,00:30:00,00:30:00,06:42:07 PM,00:08:44,2325,,,,,
ActivityClasses,ActivityClasses.Daily Activity,Lunch,,20-Jul-2021,09:10:18 PM,00:30:00,00:30:00,10:39:23 PM,00:59:03,5342,,,,,
Subject,Root.Science 10,Science 10 Notes,,20-Jul-2021,10:39:39 PM,01:00:00,01:00:00,11:48:46 PM,00:09:04,4145,,,,,
Subject,Root.Science 10,Science 10 Notes,,21-Jul-2021,07:46:44 AM,01:00:00,00:47:03,08:38:01 AM,,2824,,,,,
Subject,Root.Science 10,Science 10 Notes,,21-Jul-2021,10:11:33 AM,01:00:00,00:04:27,10:16:00 AM,,268,,,,,
Subject,Root.Probability for ML,Statististics & Probability 11,,21-Jul-2021,10:16:30 AM,01:00:00,00:09:12,10:25:43 AM,,553,,,,,
Subject,Root,Calculus,,21-Jul-2021,02:39:35 PM,00:20:00,00:20:00,03:09:39 PM,00:10:01,1802,,,,,
Subject,Root.Math 10,Linear equations,,21-Jul-2021,05:05:26 PM,00:50:00,00:50:00,05:59:11 PM,00:03:42,3223,,,,,
Subject,Root.Science 10,"Acids, Bases, & Salts",,21-Jul-2021,05:59:48 PM,00:30:00,00:30:00,06:29:57 PM,00:00:06,1807,,,,,
Subject,Root.Science 10,Science 10 Notes,,21-Jul-2021,09:01:01 PM,01:00:00,00:35:06,09:36:10 PM,,2107,,,,,
ActivityClasses,ActivityClasses.Daily Activity,Dinner + Ent,,21-Jul-2021,09:38:23 PM,01:00:00,01:00:00,11:15:40 PM,00:37:13,5833,,,,,
Subject,Root.Probability for ML,Statististics & Probability 11,,22-Jul-2021,06:07:18 AM,01:00:00,00:23:10,06:30:28 AM,,1391,,,,,
Subject,Root.Probability for ML,Statististics & Probability 11,,22-Jul-2021,06:48:39 AM,00:30:00,00:30:00,07:31:15 AM,00:12:35,2555,,,,,
Subject,Root,Physics 11,,22-Jul-2021,07:52:13 AM,01:00:00,00:39:45,08:32:00 AM,,2386,,,,,
ActivityClasses,ActivityClasses.Daily Activity.Lunch,Take Lunch,,22-Jul-2021,08:54:39 AM,00:20:00,00:20:00,09:14:43 AM,00:00:02,1203,,,,,
ActivityClasses,ActivityClasses.Daily Activity,Bathing,,22-Jul-2021,09:59:14 AM,00:20:00,00:20:00,10:20:28 AM,00:01:12,1273,,,,,
ActivityClasses,ActivityClasses.Daily Activity,Lunch,,22-Jul-2021,10:20:42 AM,00:30:00,00:30:00,12:01:06 PM,01:10:23,6022,,,,,
Subject,Root,Physics 11,,22-Jul-2021,02:39:41 PM,01:00:00,00:43:33,03:23:15 PM,,2614,,,,,
Subject,Root.Math 10,Linear equations,,22-Jul-2021,05:25:09 PM,00:40:00,00:40:00,06:29:11 PM,00:23:59,3839,,,,,
Subject,Root,Physics 11,,23-Jul-2021,01:36:30 PM,01:00:00,00:33:35,02:10:08 PM,,2016,,,,,
ActivityClasses,ActivityClasses.Daily Activity,Fresh,,23-Jul-2021,02:12:48 PM,00:20:00,00:20:00,02:33:00 PM,00:00:10,1211,,,,,
Subject,Root,Physics 11,,23-Jul-2021,02:35:29 PM,00:15:00,00:11:03,02:46:35 PM,,664,,,,,
ActivityClasses,ActivityClasses.Daily Activity,Bathing,,23-Jul-2021,02:51:56 PM,00:20:00,00:20:00,03:13:23 PM,00:01:22,1283,,,,,
Subject,Root,Statistical Learning,,23-Jul-2021,04:29:46 PM,00:30:00,00:28:23,04:58:11 PM,,1704,,,,,
Subject,Root.Math 10,Linear equations,,23-Jul-2021,05:12:45 PM,00:50:00,00:50:00,06:03:04 PM,00:00:16,3017,,,,,
Subject,Root.Science 10,"Acids, Bases, & Salts",,23-Jul-2021,06:04:30 PM,00:25:00,00:25:00,06:36:01 PM,00:06:28,1889,,,,,
Subject,Root,Statistical Learning,,23-Jul-2021,07:27:00 PM,01:00:00,00:39:52,08:06:54 PM,,2393,,,,,
ActivityClasses,ActivityClasses.Daily Activity,Dinner + Ent,,23-Jul-2021,08:51:56 PM,01:00:00,01:00:00,10:16:59 PM,00:24:58,5099,,,,,
Subject,Root,Statistical Learning,,24-Jul-2021,06:54:57 AM,01:00:00,00:00:02,06:54:59 AM,,3,,,,,
Subject,Root,Statistical Learning,,24-Jul-2021,06:56:18 AM,01:00:00,00:49:08,07:45:27 AM,,2949,,,,,
Subject,Root,Statistical Learning,,24-Jul-2021,08:37:52 AM,01:00:00,00:49:07,09:27:01 AM,,2948,,,,,
ActivityClasses,ActivityClasses.Daily Activity,Fresh,,24-Jul-2021,01:23:41 PM,00:20:00,00:12:52,01:36:34 PM,,773,,,,,
ActivityClasses,ActivityClasses.Daily Activity,Bathing,,24-Jul-2021,01:36:41 PM,00:30:00,00:19:03,01:55:44 PM,,1144,,,,,
ActivityClasses,ActivityClasses.Daily Activity,Lunch,,24-Jul-2021,01:55:55 PM,01:00:00,00:54:03,02:50:01 PM,,3244,,,,,
ActivityClasses,ActivityClasses.Entertainment2,Mind Fresh,,24-Jul-2021,08:03:37 AM,00:30:00,00:30:00,02:50:21 PM,01:06:18642,11828,,,,,
Subject,Root.Math 10,Linear equations,,24-Jul-2021,05:13:00 PM,00:40:00,00:40:00,06:32:56 PM,00:39:53,4792,,,,,
Subject,Root,Statistical Learning,,25-Jul-2021,09:22:25 AM,01:00:00,00:27:03,09:49:29 AM,,1624,,,,,
Subject,Root,Statistical Learning,,25-Jul-2021,10:14:30 AM,00:20:00,00:20:00,10:36:06 AM,00:01:34,1295,,,,,
ActivityClasses,ActivityClasses.Daily Activity,Entertainment,,25-Jul-2021,01:58:04 PM,01:00:00,01:00:00,08:12:38 PM,01:57:11851,17789,,,,,
ActivityClasses,ActivityClasses.Daily Activity,Dinner + Ent,,25-Jul-2021,08:36:29 PM,01:00:00,01:00:00,01:30:35 AM,01:51:7382,17406,,,,,
Subject,Root,Statistical Learning,,27-Jul-2021,10:29:34 AM,01:00:00,01:00:00,11:32:36 AM,00:02:59,3780,,,,,
Subject,Root,Statistical Learning,,27-Jul-2021,11:58:37 AM,00:30:00,00:23:12,12:21:50 PM,,1393,,,,,
ActivityClasses,ActivityClasses.Daily Activity,Lunch,,27-Jul-2021,12:22:21 PM,00:30:00,00:30:00,01:03:32 PM,00:11:09,2469,,,,,
Subject,Root,Statistical Learning,,27-Jul-2021,01:03:41 PM,01:00:00,01:00:00,02:08:26 PM,00:04:41,3882,,,,,
ActivityClasses,ActivityClasses.Daily Activity,Sleep-Nap,,27-Jul-2021,02:14:07 PM,01:30:00,01:30:00,04:24:15 PM,00:40:04,7804,,,,,
Subject,Root.Math 10,Linear equations,,27-Jul-2021,05:13:13 PM,00:50:00,00:00:27,05:13:41 PM,,28,,,,,
Subject,Root.Math 10,Linear equations,,27-Jul-2021,05:28:43 PM,00:40:00,00:40:00,06:40:35 PM,00:31:50,4309,,,,,
ActivityClasses,ActivityClasses.Daily Activity,Dinner,,27-Jul-2021,08:38:23 PM,00:30:00,00:30:00,09:56:19 PM,00:47:53,4673,,,,,
Subject,Root,Statistical Learning,,27-Jul-2021,09:56:32 PM,01:00:00,01:00:00,11:30:45 PM,00:25:44,5144,,,,,
Subject,Root,Statistical Learning,,28-Jul-2021,10:07:35 AM,01:00:00,00:45:51,10:53:28 AM,,2752,,,,,
Subject,Root.Math 10,Linear equations,,28-Jul-2021,05:06:07 PM,00:30:00,00:30:00,06:36:07 PM,00:59:57,5394,,,,,
ActivityClasses,ActivityClasses.Entertainment2,Mind Fresh,,28-Jul-2021,07:39:16 PM,01:00:00,01:00:00,02:04:06 AM,05:24:48,23079,,,,,
Subject,Root,Statistical Learning,,29-Jul-2021,11:12:26 AM,01:00:00,01:00:00,12:26:46 PM,00:14:18,4458,,,,,
Subject,Root,Statistical Learning,,29-Jul-2021,02:09:24 PM,01:00:00,01:00:00,03:39:21 PM,00:29:55,5395,,,,,
Subject,Root.Math 10,Linear equations,,29-Jul-2021,05:12:27 PM,00:50:00,00:50:00,06:31:01 PM,00:28:30,4710,,,,,
ActivityClasses,ActivityClasses.Daily Activity,Lunch,,29-Jul-2021,01:40:12 PM,00:30:00,00:30:00,07:15:22 PM,02:51:8047,17085,,,,,
Subject,Root,Statistical Learning,,29-Jul-2021,07:26:25 PM,01:00:00,00:00:17,07:26:43 PM,,18,,,,,
Subject,Root.Probability for ML,Statististics & Probability 11,,29-Jul-2021,07:26:54 PM,01:00:00,00:16:17,07:46:19 PM,,978,,,,,
ActivityClasses,ActivityClasses.Daily Activity,Dinner + Ent,,29-Jul-2021,08:56:47 PM,01:00:00,01:00:00,11:26:04 PM,01:29:13,8952,,,,,
Subject,Root.Probability for ML,Statististics & Probability 11,,30-Jul-2021,08:50:59 AM,01:00:00,00:45:15,09:36:16 AM,,2716,,,,,
Subject,Root.Probability for ML,Statististics & Probability 11,,30-Jul-2021,10:05:44 AM,01:00:00,01:00:00,11:13:58 AM,00:08:10,4091,,,,,
Subject,Root.Youtube,Information,,30-Jul-2021,11:20:53 AM,00:30:00,00:23:24,11:44:18 AM,,1405,,,,,
ActivityClasses,ActivityClasses.Daily Activity,Lunch,,30-Jul-2021,02:07:43 PM,00:30:00,00:30:00,03:20:19 PM,00:42:33,4353,,,,,
Subject,Root.Probability for ML,Statististics & Probability 11,,30-Jul-2021,03:20:34 PM,01:00:00,00:40:21,04:07:10 PM,,2422,,,,,
Subject,Root.Probability for ML,Statististics & Probability 11,,30-Jul-2021,07:42:02 PM,01:00:00,00:56:42,08:38:46 PM,,3403,,,,,
ActivityClasses,ActivityClasses.Daily Activity,Dinner + Ent,,30-Jul-2021,09:08:46 PM,01:00:00,01:00:00,10:41:32 PM,00:32:42,5563,,,,,
Subject,Root.Probability for ML,Probability Basic,,30-Jul-2021,09:57:05 PM,01:00:00,00:44:31,10:41:37 PM,,2672,,,,,
Subject,Root.Youtube,Information,,31-Jul-2021,09:52:27 AM,00:30:00,00:30:00,11:12:27 AM,00:49:58,4797,,,,,
ActivityClasses,ActivityClasses.Daily Activity,Fresh,,31-Jul-2021,11:14:34 AM,00:30:00,00:14:17,11:28:52 AM,,858,,,,,
ActivityClasses,ActivityClasses.Daily Activity,Lunch,,31-Jul-2021,11:51:58 AM,00:30:00,00:30:00,01:30:03 PM,01:08:03,5882,,,,,
Subject,Root.Probability for ML,Staticstics 110,,31-Jul-2021,01:32:20 PM,01:00:00,00:48:20,02:20:41 PM,,2901,,,,,
Subject,Root.Probability for ML,Staticstics 110,,31-Jul-2021,03:58:01 PM,01:00:00,01:00:00,04:59:07 PM,00:01:02,3663,,,,,
ActivityClasses,ActivityClasses.Daily Activity,Bathing,,31-Jul-2021,05:08:49 PM,00:30:00,00:26:43,05:35:33 PM,,1604,,,,,
Subject,Root,Math 10,,31-Jul-2021,06:15:08 PM,01:00:00,01:00:00,07:19:56 PM,00:04:44,3885,,,,,
Subject,Root.Youtube,Information,,31-Jul-2021,07:50:47 PM,00:30:00,00:22:22,08:13:10 PM,,1343,,,,,
Subject,Root.Probability for ML,Staticstics 110,,01-Aug-2021,06:49:54 AM,01:00:00,00:53:14,07:45:03 AM,,3195,,,,,
Subject,Root.Probability for ML,Staticstics 110,,01-Aug-2021,08:18:45 AM,01:00:00,00:56:47,09:15:34 AM,,3408,,,,,
Subject,Root.Youtube,Information,,01-Aug-2021,09:27:10 AM,00:30:00,00:04:45,09:31:56 AM,,286,,,,,
ActivityClasses,ActivityClasses.Entertainment2,Mind Fresh,,01-Aug-2021,11:41:50 AM,00:30:00,00:30:00,12:26:34 PM,00:14:41,2682,,,,,
Subject,Root,Data Science,,01-Aug-2021,12:28:11 PM,00:30:00,00:30:00,01:47:57 PM,00:49:44,4783,,,,,
Subject,Root.Data Science,Study,,01-Aug-2021,03:40:43 PM,01:00:00,00:38:37,04:19:22 PM,,2318,,,,,
Subject,Root.Math 10,Linear equations,,01-Aug-2021,05:07:33 PM,01:00:00,00:58:30,06:06:07 PM,,3511,,,,,
Subject,Root.Data Science,NPTEL Data Science,,01-Aug-2021,06:58:54 PM,01:00:00,00:51:15,08:00:12 PM,,3076,,,,,
ActivityClasses,ActivityClasses.Entertainment2,Mind Fresh,,01-Aug-2021,08:03:11 PM,00:30:00,00:30:00,11:58:39 PM,03:25:25,14120,,,,,
Subject,Root.Probability for ML,Staticstics 110,,02-Aug-2021,09:40:29 AM,01:00:00,00:49:53,10:30:23 AM,,2994,,,,,
Subject,Root.Probability for ML,Staticstics 110,,02-Aug-2021,10:32:46 AM,01:00:00,00:31:28,11:04:16 AM,,1889,,,,,
ActivityClasses,ActivityClasses.Daily Activity,Fresh,,02-Aug-2021,11:04:33 AM,00:30:00,00:15:30,11:20:04 AM,,931,,,,,
Subject,Root.Probability for ML,Staticstics 110,,02-Aug-2021,11:29:18 AM,01:00:00,01:00:00,12:45:09 PM,00:15:49,4549,,,,,
Subject,Root,Data Science,,02-Aug-2021,03:01:58 PM,01:00:00,01:00:00,04:18:37 PM,00:16:37,4597,,,,,
Subject,Root.Science 10,"Acids, Bases, & Salts",,02-Aug-2021,05:49:30 PM,00:40:00,00:40:00,06:30:31 PM,00:00:58,2459,,,,,
Subject,Root,Data Science,,02-Aug-2021,07:40:06 PM,01:00:00,00:58:59,08:39:07 PM,,3540,,,,,
ActivityClasses,ActivityClasses.Daily Activity,Dinner + Ent,,02-Aug-2021,09:10:03 PM,00:30:00,00:30:00,10:28:44 PM,00:48:38,4718,,,,,
Subject,Root,Data Science,,02-Aug-2021,10:29:40 PM,01:00:00,01:00:00,11:45:50 PM,00:16:06,4567,,,,,
Subject,Root.Youtube,Information,,03-Aug-2021,10:26:41 AM,01:00:00,01:00:00,11:30:29 AM,00:03:45,3826,,,,,
Subject,Root,Statistical Learning,,03-Aug-2021,11:36:49 AM,01:00:00,00:57:17,12:34:08 PM,,3438,,,,,
Subject,Root,Statistical Learning,,03-Aug-2021,12:48:24 PM,01:00:00,01:00:00,01:49:23 PM,00:00:55,3656,,,,,
ActivityClasses,ActivityClasses.Daily Activity,Fresh,,03-Aug-2021,01:51:20 PM,00:30:00,00:15:25,02:06:45 PM,,926,,,,,
ActivityClasses,ActivityClasses.Daily Activity,Lunch,,03-Aug-2021,02:40:05 PM,00:30:00,00:30:00,04:41:26 PM,01:31:18,7277,,,,,
Subject,Root.Science 10,"Acids, Bases, & Salts",,03-Aug-2021,05:30:23 PM,00:45:00,00:45:00,06:31:54 PM,00:16:27,3688,,,,,
Subject,Root,Probability for ML,,03-Aug-2021,08:06:36 PM,01:00:00,01:00:00,02:09:54 AM,04:51:29,21081,,,,,
Subject,Root,Probability for ML,,04-Aug-2021,11:53:25 AM,01:00:00,01:00:00,01:05:40 PM,00:12:12,4333,,,,,
ActivityClasses,ActivityClasses.Daily Activity,Lunch,,04-Aug-2021,01:52:34 PM,00:20:00,00:16:24,02:08:58 PM,,985,,,,,
Subject,Root.Science 10,"Acids, Bases, & Salts",,04-Aug-2021,05:07:14 PM,00:30:00,00:30:00,06:27:01 PM,00:49:44,4781,,,,,
ActivityClasses,ActivityClasses.Daily Activity,Dinner + Ent,,04-Aug-2021,08:47:03 PM,01:00:00,01:00:00,01:42:09 AM,03:55:03,17697,,,,,
Subject,Root,Probability for ML,,05-Aug-2021,11:31:45 AM,01:00:00,00:28:09,11:59:57 AM,,1690,,,,,
ActivityClasses,ActivityClasses.Daily Activity,Fresh,,05-Aug-2021,12:01:51 PM,00:20:00,00:19:48,12:21:40 PM,,1189,,,,,
Subject,Root,Probability for ML,,05-Aug-2021,12:22:41 PM,01:00:00,00:59:27,01:22:09 PM,,3568,,,,,
ActivityClasses,ActivityClasses.Daily Activity,Lunch,,05-Aug-2021,01:25:44 PM,00:30:00,00:30:00,02:24:12 PM,00:28:26,3505,,,,,
Subject,Root,Science 10,,05-Aug-2021,02:32:37 PM,00:30:00,00:08:00,02:40:37 PM,,481,,,,,
Subject,Root.Science 10,"Acids, Bases, & Salts",,05-Aug-2021,05:14:41 PM,00:40:00,00:40:00,06:32:52 PM,00:38:08,4687,,,,,
Subject,Root,Science 10,,06-Aug-2021,01:57:43 AM,01:00:00,01:00:00,03:21:11 AM,00:23:25,5005,,,,,
Subject,Root,Math 10,,06-Aug-2021,11:41:11 AM,01:00:00,00:42:18,12:23:30 PM,,2539,,,,,
Subject,Root,Math 10,,06-Aug-2021,02:13:57 PM,01:00:00,00:46:28,03:00:27 PM,,2789,,,,,
ActivityClasses,ActivityClasses.Daily Activity,Bathing,,06-Aug-2021,03:18:06 PM,00:30:00,00:17:20,03:35:27 PM,,1041,,,,,
ActivityClasses,ActivityClasses.Daily Activity,Dinner + Ent,,06-Aug-2021,07:54:16 PM,01:00:00,00:30:29,08:24:47 PM,,1830,,,,,
Subject,Root,Math 10,,06-Aug-2021,08:28:44 PM,01:00:00,00:25:13,09:46:46 PM,,1514,,,,,
Subject,Root,Math 10,,07-Aug-2021,09:46:38 AM,01:00:00,01:00:00,10:52:30 AM,00:05:50,3950,,,,,
ActivityClasses,ActivityClasses.Daily Activity,Fresh,,07-Aug-2021,10:56:49 AM,00:20:00,00:14:52,11:11:43 AM,,893,,,,,
Subject,Root,Math 10,,07-Aug-2021,11:38:14 AM,01:00:00,00:19:49,12:19:37 PM,,1190,,,,,
ActivityClasses,ActivityClasses.Daily Activity,Lunch,,07-Aug-2021,12:30:22 PM,00:30:00,00:30:00,01:16:56 PM,00:16:31,2792,,,,,
Subject,Root.Science 10,Science 10 Notes,,07-Aug-2021,01:17:04 PM,01:00:00,00:31:20,02:25:19 PM,,1881,,,,,
Subject,Root.Science 10,Science 10 Notes,,07-Aug-2021,03:49:43 PM,00:40:00,00:40:00,04:35:59 PM,00:06:13,2774,,,,,
Subject,Root.Math 10,Triangles,,07-Aug-2021,05:16:00 PM,00:50:00,00:50:00,06:36:42 PM,00:30:38,4837,,,,,
Subject,Root,Science 10,,07-Aug-2021,07:24:38 PM,01:00:00,00:42:16,08:06:56 PM,,2537,,,,,
ActivityClasses,ActivityClasses.Daily Activity,Dinner + Ent,,07-Aug-2021,08:34:08 PM,01:00:00,00:28:25,09:02:34 PM,,1706,,,,,
Subject,Root,Science 10,,07-Aug-2021,09:07:40 PM,01:00:00,00:43:58,09:51:42 PM,,2639,,,,,
Project,Root.Assignments,Chemistry Class -10,,07-Aug-2021,10:08:49 PM,01:00:00,01:00:00,11:45:11 PM,00:30:50,5450,,,,,
Subject,Root,Probability for ML,,08-Aug-2021,09:49:56 AM,01:00:00,01:00:00,11:16:36 AM,00:26:38,5198,,,,,
Subject,Root.Calculus,LImits,,08-Aug-2021,12:07:55 PM,01:00:00,00:55:55,01:15:30 PM,,3356,,,,,
Subject,Root.Calculus,LImits,,08-Aug-2021,04:26:51 PM,01:00:00,01:00:00,06:40:29 PM,01:11:33,7892,,,,,
ActivityClasses,ActivityClasses.Entertainment2,Mind Fresh,,08-Aug-2021,08:40:29 PM,01:00:00,01:00:00,01:37:27 AM,03:56:54,17807,,,,,
Subject,Root.Chemistry,Class - 10,,09-Aug-2021,12:51:55 PM,01:00:00,00:49:45,01:41:41 PM,,2986,,,,,
Subject,Root.Calculus,LImits,,09-Aug-2021,03:33:30 PM,01:00:00,01:00:00,04:40:28 PM,00:06:55,4016,,,,,
Subject,Root.Calculus,LImits,,09-Aug-2021,05:22:30 PM,01:00:00,00:45:56,06:08:28 PM,,2757,,,,,
ActivityClasses,ActivityClasses.Daily Activity,Dinner + Ent,,09-Aug-2021,09:34:52 PM,00:30:00,00:30:00,10:28:59 PM,00:24:05,3242,,,,,
Subject,Root.Calculus,LImits,,09-Aug-2021,10:29:08 PM,01:00:00,01:00:00,12:14:08 AM,00:44:56,6296,,,,,
Subject,Root,Probability for ML,,10-Aug-2021,08:54:31 AM,01:00:00,00:57:44,09:52:17 AM,,3465,,,,,
ActivityClasses,ActivityClasses.Daily Activity,Fresh,,10-Aug-2021,09:53:49 AM,00:20:00,00:20:00,10:16:14 AM,00:02:24,1344,,,,,
Subject,Root.Probability for ML,Permutation & Combanation,,10-Aug-2021,10:44:20 AM,01:00:00,01:00:00,11:57:57 AM,00:13:33,4414,,,,,
Subject,Root,Probability for ML,,14-Aug-2021,12:14:46 PM,01:00:00,01:00:00,01:24:51 PM,00:10:01,4202,,,,,
ActivityClasses,ActivityClasses.Daily Activity,Lunch,,14-Aug-2021,01:31:59 PM,00:30:00,00:30:00,03:30:32 PM,01:28:31,7109,,,,,
Subject,Root,Probability for ML,,17-Aug-2021,08:18:50 AM,01:00:00,00:35:45,08:54:37 AM,,2146,,,,,
ActivityClasses,ActivityClasses.Daily Activity,Fresh,,17-Aug-2021,08:55:49 AM,00:20:00,00:14:05,09:09:55 AM,,846,,,,,
ActivityClasses,ActivityClasses.Daily Activity,Lunch,,17-Aug-2021,09:11:49 AM,00:30:00,00:30:00,09:44:11 AM,00:02:20,1941,,,,,
Subject,Root,Probability for ML,,17-Aug-2021,09:44:22 AM,01:00:00,00:54:51,10:39:14 AM,,3292,,,,,
Subject,Root,Probability for ML,,17-Aug-2021,02:37:33 PM,01:00:00,01:00:00,04:11:31 PM,00:33:54,5635,,,,,
Subject,Root.Probability for ML,Staticstics 110,,17-Aug-2021,04:50:07 PM,00:30:00,00:30:00,07:00:06 PM,01:31:29,7288,,,,,
ActivityClasses,ActivityClasses.Daily Activity,Dinner + Ent,,17-Aug-2021,08:17:45 PM,01:00:00,01:00:00,03:05:42 AM,05:47:53,24465,,,,,
Subject,Root.Probability for ML,Staticstics 110,,18-Aug-2021,12:53:41 PM,01:00:00,00:46:23,01:40:05 PM,,2784,,,,,
ActivityClasses,ActivityClasses.Daily Activity,Lunch,,18-Aug-2021,02:20:40 PM,00:30:00,00:30:00,04:10:26 PM,01:19:44,6583,,,,,
Subject,Root.Probability for ML,Staticstics 110,,18-Aug-2021,04:18:37 PM,01:00:00,01:00:00,05:21:47 PM,00:03:07,3788,,,,,
Subject,Root.Probability for ML,Staticstics 110,,18-Aug-2021,05:41:52 PM,01:00:00,00:07:19,05:49:12 PM,,440,,,,,
Subject,Root.Probability for ML,Staticstics 110,,18-Aug-2021,05:51:36 PM,01:00:00,00:39:54,06:31:32 PM,,2395,,,,,
Subject,Root.Probability for ML,Staticstics 110,,18-Aug-2021,08:05:10 PM,01:00:00,00:59:34,09:04:46 PM,,3575,,,,,
ActivityClasses,ActivityClasses.Daily Activity,Dinner + Ent,,18-Aug-2021,09:31:52 PM,01:00:00,01:00:00,11:14:15 PM,00:42:20,6140,,,,,
Subject,Root.Probability for ML,Staticstics 110,,18-Aug-2021,11:16:11 PM,00:40:00,00:40:00,12:25:22 AM,00:29:09,4149,,,,,
Subject,Root.Probability for ML,Statististics & Probability 11,,19-Aug-2021,10:45:44 AM,01:00:00,00:45:20,11:31:06 AM,,2721,,,,,
Subject,Root.Probability for ML,Statististics & Probability 11,,19-Aug-2021,11:52:03 AM,01:00:00,01:00:00,01:02:36 PM,00:10:29,4230,,,,,
ActivityClasses,ActivityClasses.Daily Activity,Lunch,,19-Aug-2021,01:42:40 PM,00:30:00,00:30:00,03:33:53 PM,01:21:10,6668,,,,,
Subject,Root.Probability for ML,Staticstics 110,,19-Aug-2021,03:38:50 PM,01:00:00,01:00:00,04:51:05 PM,00:12:11,4332,,,,,
Subject,Root.Probability for ML,Statististics & Probability 11,,19-Aug-2021,07:25:16 PM,01:00:00,01:00:00,09:25:21 PM,01:00:01,7201,,,,,
ActivityClasses,ActivityClasses.Daily Activity,Dinner + Ent,,19-Aug-2021,09:51:11 PM,01:00:00,01:00:00,02:51:49 AM,04:00:35,18027,,,,,
Subject,Root,Data Science,,20-Aug-2021,09:46:54 AM,01:00:00,01:00:00,11:25:59 AM,00:22:31,4951,,,,,
ActivityClasses,ActivityClasses.Daily Activity,Fresh,,20-Aug-2021,11:28:43 AM,00:20:00,00:18:26,11:47:10 AM,,1107,,,,,
Subject,Root,Data Science,,20-Aug-2021,11:47:54 AM,01:00:00,01:00:00,01:45:18 PM,00:57:20,7040,,,,,
ActivityClasses,ActivityClasses.Daily Activity,Lunch,,20-Aug-2021,02:25:47 PM,00:30:00,00:30:00,03:50:03 PM,00:54:13,5053,,,,,
Subject,Root,Data Science,,20-Aug-2021,03:50:14 PM,01:00:00,00:48:16,04:38:31 PM,,2897,,,,,
Subject,Root,Data Science,,20-Aug-2021,07:52:39 PM,01:00:00,01:00:00,08:57:25 PM,00:04:44,3884,,,,,
ActivityClasses,ActivityClasses.Daily Activity,Dinner + Ent,,20-Aug-2021,09:07:40 PM,01:00:00,01:00:00,10:33:36 PM,00:25:53,5153,,,,,
Subject,Root,Data Science,,20-Aug-2021,10:42:21 PM,01:00:00,00:00:07,10:42:29 PM,,8,,,,,
Subject,Root,Data Science,,20-Aug-2021,10:44:51 PM,01:00:00,01:00:00,12:10:51 AM,00:25:57,5157,,,,,
Subject,Root,Data Science,,21-Aug-2021,11:48:48 AM,01:00:00,00:52:04,12:40:54 PM,,3125,,,,,
ActivityClasses,ActivityClasses.Daily Activity,Fresh,,21-Aug-2021,12:42:35 PM,00:10:00,00:10:00,12:59:19 PM,00:06:40,1001,,,,,
ActivityClasses,ActivityClasses.Daily Activity,Bathing,,21-Aug-2021,12:59:30 PM,00:20:00,00:19:32,01:19:03 PM,,1173,,,,,
Subject,Root,Data Science,,21-Aug-2021,01:36:16 PM,01:00:00,01:00:00,03:46:46 PM,01:10:26,7825,,,,,
ActivityClasses,ActivityClasses.Daily Activity,Lunch,,21-Aug-2021,03:54:07 PM,00:30:00,00:30:00,04:52:57 PM,00:28:47,3527,,,,,
Subject,Root,Data Science,,21-Aug-2021,04:55:13 PM,01:00:00,00:47:46,05:43:01 PM,,2867,,,,,
Subject,Root,Data Science,,21-Aug-2021,07:39:56 PM,00:30:00,00:24:22,08:04:19 PM,,1463,,,,,
ActivityClasses,ActivityClasses.Daily Activity,Dinner + Ent,,21-Aug-2021,09:33:21 PM,00:30:00,00:30:00,11:25:15 PM,01:21:51,6710,,,,,
Subject,Root,Data Science,,21-Aug-2021,11:30:23 PM,00:28:00,00:28:00,12:00:11 AM,00:01:46,1787,,,,,
Subject,Root.Probability for ML,Statististics & Probability 11,,22-Aug-2021,10:24:26 AM,01:00:00,00:37:00,11:16:56 AM,,2221,,,,,
ActivityClasses,ActivityClasses.Daily Activity,Fresh,,24-Aug-2021,09:44:28 AM,00:15:00,00:15:00,10:01:21 AM,00:01:50,1011,,,,,
Subject,Root,Probability for ML,,24-Aug-2021,10:25:57 AM,01:00:00,01:00:00,11:34:10 AM,00:08:10,4091,,,,,
Subject,Root,Probability for ML,,24-Aug-2021,11:50:29 AM,01:00:00,01:00:00,12:57:33 PM,00:07:01,4022,,,,,
ActivityClasses,ActivityClasses.Daily Activity,Lunch,,24-Aug-2021,01:14:12 PM,00:30:00,00:30:00,03:28:55 PM,01:44:40,8078,,,,,
Subject,Root,Probability for ML,,24-Aug-2021,03:35:46 PM,01:00:00,00:45:54,04:21:42 PM,,2755,,,,,
Subject,Root,Probability for ML,,24-Aug-2021,07:00:04 PM,01:00:00,01:00:00,08:04:11 PM,00:04:05,3845,,,,,
Subject,Root,Probability for ML,,24-Aug-2021,08:30:38 PM,01:00:00,01:00:00,09:31:42 PM,00:01:00,3661,,,,,
ActivityClasses,ActivityClasses.Daily Activity,Dinner + Ent,,24-Aug-2021,09:35:04 PM,01:00:00,01:00:00,11:29:46 PM,00:54:39,6877,,,,,
Subject,Root,Probability for ML,,25-Aug-2021,11:51:39 AM,01:00:00,00:50:54,12:42:38 PM,,3055,,,,,
ActivityClasses,ActivityClasses.Daily Activity,Fresh,,25-Aug-2021,12:44:59 PM,00:20:00,00:16:45,01:01:47 PM,,1006,,,,,
Subject,Root,Probability for ML,,25-Aug-2021,01:04:47 PM,01:00:00,01:00:00,02:09:43 PM,00:01:26,3687,,,,,
ActivityClasses,ActivityClasses.Daily Activity,Lunch,,25-Aug-2021,02:51:54 PM,00:30:00,00:30:00,04:19:46 PM,00:57:49,5267,,,,,
Subject,Root,Probability for ML,,25-Aug-2021,05:43:37 PM,00:30:00,00:30:00,06:15:13 PM,00:01:34,1895,,,,,
Subject,Root,Probability for ML,,26-Aug-2021,07:53:06 AM,00:30:00,00:30:00,08:30:26 AM,00:03:41,2022,,,,,
Subject,Root,Probability for ML,,26-Aug-2021,08:34:18 AM,00:30:00,00:30:00,09:10:23 AM,00:00:362,2162,,,,,
Subject,Root,Probability for ML,,26-Aug-2021,12:07:55 PM,01:00:00,00:38:14,12:46:11 PM,,2295,,,,,
Subject,Root,Probability for ML,,27-Aug-2021,11:06:57 AM,00:30:00,00:30:00,12:50:38 PM,01:13:39,6219,,,,,
Subject,Root,Probability for ML,,28-Aug-2021,08:46:22 AM,00:30:00,00:26:51,09:37:23 AM,,1612,,,,,
Subject,Root,Probability for ML,,28-Aug-2021,01:16:59 PM,00:30:00,00:30:00,02:06:49 PM,00:19:49,2989,,,,,
Subject,Root,Probability for ML,,28-Aug-2021,02:08:29 PM,01:00:00,00:34:39,02:45:43 PM,,2080,,,,,
ActivityClasses,ActivityClasses.Daily Activity,Lunch,,28-Aug-2021,02:56:13 PM,00:30:00,00:29:57,03:26:11 PM,,1798,,,,,
Subject,Root,Probability for ML,,29-Aug-2021,08:16:01 AM,00:30:00,00:30:00,09:28:46 AM,00:42:42,4361,,,,,
ActivityClasses,ActivityClasses.Daily Activity,Fresh,,29-Aug-2021,09:29:55 AM,00:20:00,00:20:00,10:20:25 AM,00:30:27,3026,,,,,
Subject,Root,Probability for ML,,29-Aug-2021,10:24:27 AM,00:30:00,00:30:00,10:56:47 AM,00:02:18,1939,,,,,
Subject,Root,Probability for ML,,29-Aug-2021,01:03:14 PM,01:00:00,00:38:52,01:42:08 PM,,2333,,,,,
ActivityClasses,ActivityClasses.Daily Activity,Lunch,,29-Aug-2021,01:42:47 PM,00:30:00,00:30:00,02:17:37 PM,00:04:47,2088,,,,,
Subject,Root,Probability for ML,,29-Aug-2021,02:20:23 PM,01:00:00,01:00:00,03:27:16 PM,00:06:49,4010,,,,,
Subject,Root,Probability for ML,,29-Aug-2021,03:30:27 PM,00:20:00,00:04:16,03:34:44 PM,,257,,,,,
Subject,Root,Probability for ML,,30-Aug-2021,12:15:04 AM,00:30:00,00:30:00,01:37:48 AM,00:52:41,4961,,,,,
Subject,Root.Calculus,LImits,,30-Aug-2021,08:31:18 AM,01:00:00,01:00:00,09:49:29 AM,00:10:11,4211,,,,,
ActivityClasses,ActivityClasses.Daily Activity,Fresh,,30-Aug-2021,09:50:12 AM,00:20:00,00:14:25,10:04:39 AM,,866,,,,,
ActivityClasses,ActivityClasses.Daily Activity,Sleep-Nap,,30-Aug-2021,10:05:59 AM,01:30:00,00:47:59,10:54:01 AM,,2880,,,,,
Subject,Root.Calculus,LImits,,03-Sep-2021,02:10:31 AM,00:30:00,00:30:00,02:50:30 AM,00:09:56,2397,,,,,
Subject,Root,Probability for ML,,05-Sep-2021,10:27:18 AM,01:00:00,01:00:00,11:34:03 AM,00:06:43,4003,,,,,
Subject,Root,Probability for ML,,05-Sep-2021,11:35:11 AM,01:00:00,01:00:00,12:40:36 PM,00:05:23,3923,,,,,
Subject,Root.Calculus,LImits,,05-Sep-2021,01:02:14 PM,00:30:00,00:30:00,01:34:38 PM,00:02:21,1942,,,,,
ActivityClasses,ActivityClasses.Daily Activity,Lunch,,05-Sep-2021,02:13:35 PM,01:00:00,01:00:00,03:36:36 PM,00:22:57,4978,,,,,
Subject,Root.Calculus,LImits,,05-Sep-2021,03:39:38 PM,00:30:00,00:30:00,04:21:14 PM,00:11:35,2495,,,,,
Subject,Root.Calculus,LImits,,05-Sep-2021,06:03:09 PM,01:00:00,01:00:00,07:23:25 PM,00:20:14,4814,,,,,
ActivityClasses,ActivityClasses.Daily Activity,Dinner + Ent,,05-Sep-2021,10:10:02 PM,01:00:00,01:00:00,02:32:38 AM,03:22:34,15749,,,,,
Subject,Root,Probability for ML,,06-Sep-2021,11:25:22 AM,01:00:00,01:00:00,01:15:10 PM,00:46:42,6402,,,,,
ActivityClasses,ActivityClasses.Daily Activity,Lunch,,06-Sep-2021,02:18:10 PM,01:00:00,01:00:00,04:10:24 PM,00:52:10,6730,,,,,
Subject,Root,Probability for ML,,06-Sep-2021,05:56:25 PM,00:30:00,00:27:32,06:23:59 PM,,1653,,,,,
ActivityClasses,ActivityClasses.Daily Activity,Workout,,06-Sep-2021,06:33:53 PM,02:00:00,00:51:46,07:25:42 PM,,3107,,,,,
Subject,Root,Probability for ML,,06-Sep-2021,08:30:20 PM,00:30:00,00:30:00,09:11:34 PM,00:11:12,2473,,,,,
ActivityClasses,ActivityClasses.Daily Activity,Dinner + Ent,,06-Sep-2021,09:32:34 PM,01:00:00,01:00:00,11:31:31 PM,00:58:55,7134,,,,,
Subject,Root,Probability for ML,,06-Sep-2021,11:32:50 PM,00:28:00,00:27:16,12:00:07 AM,,1637,,,,,
Subject,Root,Probability for ML,,07-Sep-2021,12:01:32 AM,00:30:00,00:25:41,12:27:14 AM,,1542,,,,,
Subject,Root,Probability for ML,,07-Sep-2021,05:04:06 PM,01:00:00,01:00:00,06:05:04 PM,00:00:53,3654,,,,,
ActivityClasses,ActivityClasses.Daily Activity,Workout,,07-Sep-2021,06:17:05 PM,01:30:00,00:49:56,07:07:03 PM,,2997,,,,,
ActivityClasses,ActivityClasses.Daily Activity,Other,,07-Sep-2021,07:26:56 PM,01:00:00,01:00:00,08:54:43 PM,00:27:44,5264,,,,,
ActivityClasses,ActivityClasses.Daily Activity,Bathing,,07-Sep-2021,08:54:51 PM,00:20:00,00:12:43,09:07:35 PM,,764,,,,,
ActivityClasses,ActivityClasses.Daily Activity,Dinner + Ent,,07-Sep-2021,09:17:44 PM,01:30:00,01:30:00,11:15:31 PM,00:27:42,7062,,,,,
Subject,Root,Probability for ML,,07-Sep-2021,11:20:10 PM,00:35:00,00:35:00,12:00:26 AM,00:05:13,2414,,,,,
Subject,Root,Probability for ML,,08-Sep-2021,12:01:46 AM,00:30:00,00:30:00,12:37:21 AM,00:05:33,2134,,,,,
Subject,Root,Probability for ML,,08-Sep-2021,12:00:50 PM,01:00:00,01:00:00,01:48:14 PM,00:47:20,6440,,,,,
ActivityClasses,ActivityClasses.Daily Activity,Lunch,,08-Sep-2021,02:24:48 PM,00:30:00,00:29:16,02:54:06 PM,,1757,,,,,
Subject,Root,Probability for ML,,08-Sep-2021,03:02:20 PM,01:00:00,01:00:00,04:20:25 PM,00:18:02,4682,,,,,
Subject,Root,Probability for ML,,08-Sep-2021,05:21:24 PM,00:30:00,00:30:00,06:18:30 PM,00:27:03,3423,,,,,
ActivityClasses,ActivityClasses.Daily Activity,Bathing,,08-Sep-2021,08:21:05 PM,00:30:00,00:16:30,08:37:37 PM,,991,,,,,
Subject,Root,Probability for ML,,08-Sep-2021,10:48:43 PM,01:10:00,01:07:26,11:56:11 PM,,4047,,,,,
Subject,Root,Probability for ML,,09-Sep-2021,12:42:42 PM,00:30:00,00:30:00,01:43:01 PM,00:30:16,3616,,,,,
ActivityClasses,ActivityClasses.Daily Activity,Lunch,,09-Sep-2021,03:34:49 PM,01:00:00,00:15:14,03:50:04 PM,,915,,,,,
Subject,Root,Probability for ML,,09-Sep-2021,03:50:12 PM,01:00:00,00:38:14,04:28:28 PM,,2295,,,,,
Subject,Root,Probability for ML,,09-Sep-2021,05:36:21 PM,00:30:00,00:30:00,06:13:58 PM,00:07:36,2256,,,,,
ActivityClasses,ActivityClasses.Daily Activity,Other,,09-Sep-2021,07:46:41 PM,01:00:00,00:22:24,08:09:06 PM,,1345,,,,,
Subject,Root.Youtube,Information,,09-Sep-2021,08:09:17 PM,01:00:00,00:26:44,08:40:44 PM,,1605,,,,,
Subject,Root.Youtube,Information,,09-Sep-2021,08:47:26 PM,00:30:00,00:30:00,09:18:47 PM,00:01:19,1880,,,,,
ActivityClasses,ActivityClasses.Daily Activity,Dinner + Ent,,09-Sep-2021,09:52:16 PM,01:00:00,00:25:07,10:17:25 PM,,1508,,,,,
Subject,Root,Probability for ML,,09-Sep-2021,10:34:27 PM,01:26:00,01:16:50,11:51:19 PM,,4611,,,,,
Subject,Root,Probability for ML,,10-Sep-2021,12:04:22 AM,01:00:00,01:00:00,01:39:37 AM,00:25:14,5114,,,,,
ActivityClasses,ActivityClasses,Entertainment2,,10-Sep-2021,02:01:33 AM,01:00:00,01:00:00,04:05:11 AM,01:03:36,7415,,,,,
Subject,Root,Probability for ML,,10-Sep-2021,11:45:44 AM,01:00:00,01:00:00,01:04:20 PM,00:18:33,4713,,,,,
Subject,Root,Probability for ML,,10-Sep-2021,01:05:01 PM,00:30:00,00:30:00,01:59:05 PM,00:24:03,3243,,,,,
ActivityClasses,ActivityClasses.Daily Activity,Bathing,,10-Sep-2021,02:28:24 PM,00:20:00,00:20:00,02:53:10 PM,00:04:43,1484,,,,,
ActivityClasses,ActivityClasses.Daily Activity,Lunch,,10-Sep-2021,03:06:08 PM,00:30:00,00:30:00,03:49:36 PM,00:13:26,2606,,,,,
Subject,Root,Probability for ML,,10-Sep-2021,03:51:01 PM,01:00:00,00:57:12,04:48:15 PM,,3433,,,,,
Subject,Root,Probability for ML,,11-Sep-2021,12:27:00 AM,01:00:00,01:00:00,01:49:58 AM,00:22:53,4973,,,,,
Subject,Root,Probability for ML,,11-Sep-2021,11:41:03 AM,01:00:00,00:13:34,12:14:36 PM,,815,,,,,
Subject,Root,Probability for ML,,22-Sep-2021,08:50:47 AM,01:00:00,00:49:34,09:40:23 AM,,2975,,,,,
ActivityClasses,ActivityClasses.Daily Activity,Fresh,,22-Sep-2021,09:41:30 AM,00:15:00,00:14:00,09:55:31 AM,,841,,,,,
Subject,Root,Probability for ML,,22-Sep-2021,09:56:16 AM,01:00:00,00:50:00,10:48:48 AM,,3001,,,,,
Subject,Root.Youtube,Information,,22-Sep-2021,11:46:32 AM,00:30:00,00:28:14,12:14:47 PM,,1695,,,,,
Subject,Root,Probability for ML,,22-Sep-2021,12:15:25 PM,01:00:00,00:53:13,01:12:59 PM,,3194,,,,,
Subject,Root,Probability for ML,,22-Sep-2021,05:48:58 PM,00:30:00,00:26:42,06:15:41 PM,,1603,,,,,
Subject,Root,Probability for ML,,23-Sep-2021,12:56:20 AM,01:00:00,00:53:49,01:50:11 AM,,3230,,,,,
Subject,Root,Probability for ML,,23-Sep-2021,04:56:25 AM,01:00:00,01:00:00,06:20:00 AM,00:23:31,5011,,,,,
Subject,Root,Probability for ML,,23-Sep-2021,06:43:18 AM,00:30:00,00:14:42,06:58:01 AM,,883,,,,,
Subject,Root,Probability for ML,,23-Sep-2021,05:41:40 PM,01:00:00,00:47:45,06:33:35 PM,,2866,,,,,
Subject,Root,Probability for ML,,29-Sep-2021,02:03:16 AM,00:30:00,00:30:00,02:45:16 AM,00:11:44,2499,,,,,
Subject,Root,Probability for ML,,29-Sep-2021,10:06:40 AM,01:00:00,00:08:09,10:19:09 AM,,490,,,,,
ActivityClasses,ActivityClasses.Daily Activity,Lunch,,29-Sep-2021,01:44:54 PM,00:30:00,00:30:00,05:45:11 PM,01:14:8159,6261,,,,,
Subject,Root,Probability for ML,,29-Sep-2021,09:05:57 PM,00:30:00,00:25:51,09:32:00 PM,,1552,,,,,
ActivityClasses,ActivityClasses.Daily Activity,Dinner + Ent,,29-Sep-2021,09:38:41 PM,01:00:00,01:00:00,10:59:09 PM,00:19:53,4782,,,,,
Subject,Root,Probability for ML,,29-Sep-2021,11:02:18 PM,00:30:00,00:24:44,11:27:12 PM,,1485,,,,,
Subject,Root,Probability for ML,,30-Sep-2021,08:57:01 AM,01:00:00,00:59:21,09:56:47 AM,,3562,,,,,
ActivityClasses,ActivityClasses.Daily Activity,Fresh,,30-Sep-2021,09:58:37 AM,00:30:00,00:16:46,10:15:30 AM,,1007,,,,,
Subject,Root,Probability for ML,,30-Sep-2021,10:29:22 AM,01:00:00,00:35:53,11:24:55 AM,,2154,,,,,
ActivityClasses,ActivityClasses.Entertainment2,Mind Fresh,,30-Sep-2021,01:05:06 PM,00:30:00,00:26:03,01:31:21 PM,,1564,,,,,
ActivityClasses,ActivityClasses.Daily Activity,Lunch,,30-Sep-2021,02:16:52 PM,00:30:00,00:27:14,02:44:18 PM,,1635,,,,,
Project,Root,Typing,,30-Sep-2021,08:01:28 PM,00:30:00,00:15:13,08:16:49 PM,,914,,,,,
ActivityClasses,ActivityClasses.Daily Activity,Dinner + Ent,,30-Sep-2021,08:50:17 PM,01:00:00,01:00:00,10:35:31 PM,00:41:229,6271,,,,,
Project,Root,Typing,,01-Oct-2021,05:28:57 PM,00:30:00,00:17:28,05:46:31 PM,,1049,,,,,
Subject,Root,Probability for ML,,01-Oct-2021,07:00:12 PM,00:30:00,00:25:49,07:26:02 PM,,1550,,,,,
ActivityClasses,ActivityClasses.Daily Activity,Dinner + Ent,,01-Oct-2021,08:06:35 PM,00:30:00,00:30:00,10:54:40 PM,02:18:01,10077,,,,,
Project,Root,Typing,,02-Oct-2021,03:33:31 AM,00:30:00,00:00:03,03:33:35 AM,,4,,,,,
Project,Root,Typing,,02-Oct-2021,03:35:08 AM,00:30:00,00:18:44,03:53:58 AM,,1125,,,,,
Subject,Root,Probability for ML,,02-Oct-2021,04:23:18 AM,01:00:00,00:11:30,04:34:54 AM,,691,,,,,
Project,Root,Typing,,02-Oct-2021,12:13:15 PM,00:30:00,00:12:24,12:25:43 PM,,745,,,,,
Project,Root,Typing,,02-Oct-2021,09:19:36 PM,00:20:00,00:09:48,09:29:29 PM,,589,,,,,
Project,Root,Typing,,03-Oct-2021,10:57:57 AM,00:30:00,00:17:29,11:15:32 AM,,1050,,,,,
Subject,Root,Probability for ML,,03-Oct-2021,11:41:21 AM,01:00:00,00:54:02,12:35:47 PM,,3243,,,,,
ActivityClasses,ActivityClasses.Daily Activity,Fresh,,03-Oct-2021,12:36:35 PM,00:20:00,00:15:00,12:51:42 PM,,901,,,,,
Subject,Root,Probability for ML,,03-Oct-2021,12:53:55 PM,00:30:00,00:30:00,01:33:10 PM,00:09:00,2336,,,,,
Subject,Root,Probability for ML,,03-Oct-2021,02:27:13 PM,00:30:00,00:14:56,02:42:16 PM,,897,,,,,
ActivityClasses,ActivityClasses.Daily Activity,Lunch,,03-Oct-2021,02:53:03 PM,01:00:00,00:45:14,03:38:42 PM,,2715,,,,,
Subject,Root,Probability for ML,,03-Oct-2021,03:40:32 PM,00:30:00,00:24:43,04:05:23 PM,,1484,,,,,
Subject,Root,Probability for ML,,03-Oct-2021,06:37:27 PM,00:30:00,00:30:00,07:23:13 PM,00:05:12,2110,,,,,
Subject,Root.Youtube,Motivational,,03-Oct-2021,08:16:11 PM,00:20:00,00:20:00,08:44:46 PM,00:08:23,1701,,,,,
ActivityClasses,ActivityClasses.Daily Activity,Fresh,,03-Oct-2021,08:45:20 PM,00:20:00,00:08:52,08:54:14 PM,,533,,,,,
Subject,Root,Probability for ML,,03-Oct-2021,08:57:49 PM,01:00:00,00:51:07,09:49:19 PM,,3068,,,,,
Subject,Root,Probability for ML,,05-Oct-2021,09:47:11 AM,01:00:00,00:20:24,10:07:53 AM,,1225,,,,,
ActivityClasses,ActivityClasses.Daily Activity,Fresh,,05-Oct-2021,10:09:15 AM,00:20:00,00:13:20,10:22:40 AM,,801,,,,,
Subject,Root,Probability for ML,,05-Oct-2021,10:52:30 AM,00:30:00,00:19:20,11:11:56 AM,,1161,,,,,
Subject,Root,Probability for ML,,06-Oct-2021,10:07:28 AM,01:00:00,00:50:15,10:57:57 AM,,3016,,,,,
ActivityClasses,ActivityClasses.Daily Activity,Bathing,,06-Oct-2021,11:13:13 AM,00:30:00,00:25:29,11:38:50 AM,,1530,,,,,
Subject,Root.Statistical Learning,Learning R,,09-Oct-2021,03:47:28 PM,01:00:00,01:00:00,04:51:20 PM,00:03:17,3797,,,,,
Subject,Root.Statistical Learning,Learning R,,11-Oct-2021,04:40:39 PM,00:30:00,00:25:26,05:06:18 PM,,1527,,,,,
Subject,Root.Statistical Learning,Learning R,,11-Oct-2021,05:11:21 PM,00:30:00,00:30:00,06:19:27 PM,00:37:48,4048,,,,,
ActivityClasses,ActivityClasses.Daily Activity,Dinner + Ent,,11-Oct-2021,08:20:32 PM,00:30:00,00:30:00,11:19:39 PM,00:10:8333,10656,,,,,
Subject,Root.Statistical Learning,Learning R,,12-Oct-2021,09:28:29 AM,00:30:00,00:24:59,10:03:32 AM,,1500,,,,,
Subject,Root.Statistical Learning,Learning R,,12-Oct-2021,10:15:14 AM,00:30:00,00:03:01,10:18:17 AM,,182,,,,,
ActivityClasses,ActivityClasses.Daily Activity,Dinner + Ent,,12-Oct-2021,01:10:04 PM,00:30:00,00:29:07,01:39:29 PM,,1748,,,,,
Subject,Root.Statistical Learning,Learning R,,12-Oct-2021,01:40:07 PM,01:00:00,00:41:17,02:21:44 PM,,2478,,,,,
Subject,Root.Statistical Learning,Learning R,,12-Oct-2021,04:21:40 PM,00:30:00,00:30:00,05:09:32 PM,00:17:36,2849,,,,,
Subject,Root.Statistical Learning,Learning R,,12-Oct-2021,05:59:20 PM,00:30:00,00:30:00,06:46:33 PM,00:11:19,2475,,,,,
ActivityClasses,ActivityClasses.Daily Activity,Entertainment,,12-Oct-2021,10:26:25 PM,01:00:00,01:00:00,01:14:25 AM,01:28:1163,9985,,,,,
Subject,Root.Statistical Learning,Learning R,,13-Oct-2021,09:59:44 AM,01:00:00,00:26:42,10:26:40 AM,,1603,,,,,
Subject,Root.Statistical Learning,Learning R,,13-Oct-2021,10:45:04 AM,00:30:00,00:30:00,11:35:13 AM,00:19:53,2985,,,,,
ActivityClasses,ActivityClasses.Daily Activity,Lunch,,13-Oct-2021,02:35:43 PM,01:00:00,01:00:00,04:06:50 PM,00:30:31,5416,,,,,
Subject,Root.Statistical Learning,Learning R,,13-Oct-2021,04:09:34 PM,01:00:00,00:12:37,04:22:17 PM,,758,,,,,
Subject,Root.Statistical Learning,Learning R,,13-Oct-2021,04:25:22 PM,00:30:00,00:25:48,04:51:23 PM,,1549,,,,,
Subject,Root.Statistical Learning,Learning R,,13-Oct-2021,05:09:26 PM,00:30:00,00:30:00,05:42:42 PM,00:03:01,1980,,,,,
Subject,Root.Statistical Learning,Learning R,,13-Oct-2021,08:29:15 PM,01:00:00,00:46:25,09:16:04 PM,,2786,,,,,
ActivityClasses,ActivityClasses.Daily Activity,Dinner + Ent,,13-Oct-2021,09:22:29 PM,01:00:00,01:00:00,11:28:00 PM,00:25:2404,7476,,,,,
Subject,Root.Statistical Learning,Learning R,,14-Oct-2021,09:32:38 AM,01:00:00,00:50:31,10:26:12 AM,,3032,,,,,
Subject,Root.Statistical Learning,Learning R,,14-Oct-2021,06:32:17 PM,01:00:00,01:00:00,07:59:08 PM,00:26:18,5164,,,,,
Subject,Root.Statistical Learning,Learning R,,14-Oct-2021,08:19:39 PM,00:30:00,00:30:00,08:55:47 PM,00:05:49,2147,,,,,
Subject,Root.Statistical Learning,Learning R,,14-Oct-2021,09:01:10 PM,00:30:00,00:30:00,10:12:18 PM,00:17:1428,4227,,,,,
ActivityClasses,ActivityClasses.Daily Activity,Dinner + Ent,,14-Oct-2021,10:31:58 PM,01:00:00,01:00:00,01:32:45 AM,01:03:3439,10754,,,,,
Subject,Root.Statistical Learning,Learning R,,15-Oct-2021,09:51:48 AM,00:30:00,00:30:00,11:03:49 AM,00:20:36,3026,,,,,
Subject,Root.Statistical Learning,Learning R,,15-Oct-2021,11:04:11 AM,00:30:00,00:30:00,12:11:02 PM,00:09:00,2336,,,,,
ActivityClasses,ActivityClasses.Daily Activity,Bathing,,15-Oct-2021,12:11:55 PM,00:30:00,00:22:13,12:34:20 PM,,1334,,,,,
Subject,Root.Statistical Learning,Learning R,,15-Oct-2021,12:34:37 PM,00:20:00,00:19:45,12:54:30 PM,,1186,,,,,
ActivityClasses,ActivityClasses.Daily Activity,Lunch,,15-Oct-2021,12:55:06 PM,01:00:00,00:31:12,01:26:36 PM,,1873,,,,,
Subject,Root.Statistical Learning,Learning R,,15-Oct-2021,01:29:17 PM,00:30:00,00:30:00,02:24:40 PM,00:25:03,3290,,,,,
Subject,Root.Statistical Learning,Learning R,,15-Oct-2021,05:42:56 PM,00:30:00,00:30:00,06:52:22 PM,00:35:248,4126,,,,,
Subject,Root.Statistical Learning,Learning R,,15-Oct-2021,06:59:47 PM,00:30:00,00:22:47,07:33:58 PM,,1368,,,,,
Subject,Root.Statistical Learning,Learning R,,15-Oct-2021,07:52:59 PM,01:00:00,01:00:00,10:10:49 PM,01:04:17,7422,,,,,
ActivityClasses,ActivityClasses.Daily Activity,Dinner + Ent,,15-Oct-2021,10:23:38 PM,01:00:00,01:00:00,02:10:01 AM,00:22:8626,13458,,,,,
Subject,Root.Statistical Learning,Learning R,,16-Oct-2021,10:17:42 AM,00:30:00,00:30:00,10:49:39 AM,00:01:38,1899,,,,,
ActivityClasses,ActivityClasses.Daily Activity,Fresh,,16-Oct-2021,10:50:07 AM,00:20:00,00:19:58,11:10:16 AM,,1199,,,,,
Subject,Root.Statistical Learning,Learning R,,16-Oct-2021,11:10:48 AM,00:30:00,00:30:00,12:15:26 PM,00:34:22,3847,,,,,
Subject,Root.Statistical Learning,Learning R,,16-Oct-2021,12:21:12 PM,00:30:00,00:30:00,01:00:53 PM,00:05:265,2362,,,,,
Subject,Root.Statistical Learning,Learning R,,16-Oct-2021,01:01:19 PM,00:20:00,00:17:04,01:18:34 PM,,1025,,,,,
ActivityClasses,ActivityClasses.Daily Activity,Lunch,,16-Oct-2021,01:23:12 PM,01:00:00,00:32:46,01:56:15 PM,,1967,,,,,
Subject,Root.Statistical Learning,Learning R,,16-Oct-2021,02:05:56 PM,01:00:00,01:00:00,03:14:47 PM,00:06:00,3958,,,,,
ActivityClasses,ActivityClasses.Entertainment2,Mind Fresh,,16-Oct-2021,05:21:40 PM,00:20:00,00:16:38,05:38:25 PM,,999,,,,,
Subject,Root.Statistical Learning,Learning R,,16-Oct-2021,05:41:37 PM,00:30:00,00:30:00,06:39:18 PM,00:27:25,3432,,,,,
Subject,Root.Statistical Learning,Learning R2,,16-Oct-2021,06:47:20 PM,00:30:00,00:30:00,08:12:14 PM,00:02:3157,5049,,,,,
Subject,Root.Statistical Learning,Learning R2,,16-Oct-2021,08:26:35 PM,00:40:00,00:40:00,09:24:27 PM,00:17:29,3440,,,,,
ActivityClasses,ActivityClasses.Daily Activity,Dinner + Ent,,16-Oct-2021,09:39:04 PM,01:00:00,01:00:00,12:26:08 AM,00:35:4294,9951,,,,,
Subject,Root.Statistical Learning,Learning R2,,17-Oct-2021,02:33:08 PM,00:30:00,00:17:04,02:50:20 PM,,1025,,,,,
ActivityClasses,ActivityClasses.Daily Activity,Entertainment,,17-Oct-2021,05:44:52 PM,00:30:00,00:30:00,06:28:46 PM,00:06:57,2214,,,,,
Subject,Root.Statistical Learning,Statistics -R,,17-Oct-2021,06:32:16 PM,00:30:00,00:30:00,07:35:11 PM,00:27:49,3457,,,,,
Subject,Root.Statistical Learning,Learning R2,,17-Oct-2021,07:35:45 PM,01:00:00,01:00:00,09:19:27 PM,00:26:282,5430,,,,,
ActivityClasses,ActivityClasses.Daily Activity,Fresh,,17-Oct-2021,09:21:09 PM,00:20:00,00:18:32,09:39:49 PM,,1113,,,,,
Subject,Root.Statistical Learning,Learning R2,,17-Oct-2021,09:40:05 PM,00:30:00,00:13:13,09:53:23 PM,,794,,,,,
ActivityClasses,ActivityClasses.Daily Activity,Dinner + Ent,,17-Oct-2021,10:36:34 PM,01:00:00,01:00:00,03:13:10 AM,01:38:7091,16465,,,,,
Subject,Root.Statistical Learning,Learning R2,,18-Oct-2021,01:41:49 PM,01:00:00,00:46:05,02:28:16 PM,,2766,,,,,
Subject,Root.Statistical Learning,Learning R2,,18-Oct-2021,02:32:18 PM,00:30:00,00:26:04,02:58:36 PM,,1565,,,,,
Subject,Root.Statistical Learning,Learning R2,,18-Oct-2021,04:39:36 PM,00:20:00,00:01:48,04:41:26 PM,,109,,,,,
Subject,Root.Statistical Learning,Statistics In R,,19-Oct-2021,09:18:21 AM,00:30:00,00:21:42,09:40:16 AM,,1303,,,,,
Subject,Root.Statistical Learning,Statistics In R,,19-Oct-2021,10:02:30 AM,01:00:00,01:00:00,11:03:20 AM,00:00:15,3616,,,,,
Subject,Root.Statistical Learning,Statistics In R,,19-Oct-2021,11:11:10 AM,01:00:00,01:00:00,12:55:00 PM,00:43:17,6173,,,,,
Subject,Root.Statistical Learning,Statistics In R,,19-Oct-2021,02:00:45 PM,01:00:00,00:55:43,02:57:01 PM,,3344,,,,,
ActivityClasses,ActivityClasses.Daily Activity,Lunch,,19-Oct-2021,01:11:30 PM,00:30:00,00:30:00,02:57:31 PM,01:15:42,6300,,,,,
